rx_mbps,tx_mbps,total_traffic_mbps,latency_ms,packet_loss_percent,jitter_ms,rx_errors,tx_errors,rx_dropped,tx_dropped,total_errors,total_dropped,receive_rate_mbps,transmit_rate_mbps,signal_percent,rssi_dbm,link_activity_percent,total_traffic_mbps_mean_5,total_traffic_mbps_std_5,total_traffic_mbps_max_5,latency_ms_mean_5,latency_ms_std_5,latency_ms_max_5,packet_loss_percent_mean_5,packet_loss_percent_std_5,packet_loss_percent_max_5,jitter_ms_mean_5,jitter_ms_std_5,jitter_ms_max_5,signal_percent_mean_5,signal_percent_std_5,signal_percent_max_5,link_activity_percent_mean_5,link_activity_percent_std_5,link_activity_percent_max_5,latency_change,jitter_change,packet_loss_change,traffic_change,timestamp,interface,wifi_state,band,radio_type,channel,congestion_state
0.0,0.0,0.0,9.983,0.0,1.087,0,0,0,0,0,0,144.4,52.0,88.0,-51.0,0.0,0.0,0.0,0.0,9.983,0.0,9.983,0.0,0.0,0.0,1.087,0.0,1.087,88.0,0.0,88.0,0.0,0.0,0.0,,,,,2026-10-03 14:31:46.023042+00:00,eth0,connected,2.4 GHz,802.11n,11,NORMAL
0.002,0.001,0.003,9.791,0.0,1.232,0,0,0,0,0,0,144.4,144.4,88.0,-51.0,0.0013850415512465,0.0015,0.0021213203435596,0.003,9.887,0.1357645019878172,9.983,0.0,0.0,0.0,1.1595,0.1025304832720494,1.232,88.0,0.0,88.0,0.0006925207756232,0.0009793722731115,0.0013850415512465,-0.1920000000000001,0.145,0.0,0.003,2026-10-03 14:31:51.467950+00:00,eth0,connected,2.4 GHz,802.11n,11,NORMAL
0.001,0.001,0.002,9.891,0.0,0.546,0,0,0,0,0,0,144.4,144.4,88.0,-51.0,0.0006925207756232,0.0016666666666666,0.0015275252316519,0.003,9.888333333333334,0.0960277737601645,9.983,0.0,0.0,0.0,0.955,0.3615480604290388,1.232,88.0,0.0,88.0,0.0006925207756232,0.0006925207756232,0.0013850415512465,0.0999999999999996,-0.6859999999999999,0.0,-0.001,2026-10-03 14:31:56.826102+00:00,eth0,connected,2.4 GHz,802.11n,11,NORMAL
0.001,0.001,0.002,9.147,0.0,0.17,0,0,0,0,0,0,144.4,144.4,88.0,-51.0,0.0006925207756232,0.00175,0.0012583057392117,0.003,9.703,0.3788684908161843,9.983,0.0,0.0,0.0,0.75875,0.4911220995502713,1.232,88.0,0.0,88.0,0.0006925207756232,0.0005654408455178,0.0013850415512465,-0.7439999999999998,-0.376,0.0,0.0,2026-10-03 14:32:02.253075+00:00,eth0,connected,2.4 GHz,802.11n,11,NORMAL
0.001,0.001,0.002,9.376,0.0,0.45,0,0,0,0,0,0,144.4,144.4,88.0,-51.0,0.0006925207756232,0.0018,0.0010954451150103,0.003,9.6376,0.359223885620096,9.983,0.0,0.0,0.0,0.697,0.4471755807286439,1.232,88.0,0.0,88.0,0.0006925207756232,0.0004896861365557,0.0013850415512465,0.2289999999999992,0.28,0.0,0.0,2026-10-03 14:32:07.629944+00:00,eth0,connected,2.4 GHz,802.11n,11,NORMAL
0.001,0.001,0.002,9.529,0.0,0.209,0,0,0,0,0,0,144.4,144.4,88.0,-51.0,0.0006925207756232,0.0021999999999999,0.0004472135954999,0.003,9.5468,0.303082826963191,9.891,0.0,0.0,0.0,0.5214,0.4277064413824042,1.232,88.0,0.0,88.0,0.0008310249307479,0.0003097047060249,0.0013850415512465,0.1530000000000004,-0.241,0.0,0.0,2026-10-03 14:32:13.093609+00:00,eth0,connected,2.4 GHz,802.11n,11,NORMAL
0.001,0.001,0.002,9.17,0.0,0.136,0,0,0,0,0,0,144.4,144.4,88.0,-51.0,0.0006925207756232,0.002,0.0,0.002,9.4226,0.3052266371075751,9.891,0.0,0.0,0.0,0.3022,0.1837585372166422,0.546,88.0,0.0,88.0,0.0006925207756232,0.0,0.0006925207756232,-0.359,-0.0729999999999999,0.0,0.0,2026-10-03 14:32:18.489572+00:00,eth0,connected,2.4 GHz,802.11n,11,NORMAL
0.001,0.001,0.002,8.753,0.0,0.928,0,0,0,0,0,0,144.4,144.4,88.0,-51.0,0.0006925207756232,0.002,0.0,0.002,9.195,0.2926644836668752,9.529,0.0,0.0,0.0,0.3786,0.3309347367684451,0.928,88.0,0.0,88.0,0.0006925207756232,0.0,0.0006925207756232,-0.4169999999999998,0.792,0.0,0.0,2026-10-03 14:32:23.854122+00:00,eth0,connected,2.4 GHz,802.11n,11,NORMAL
0.001,0.001,0.002,12.077,0.0,3.794,0,0,0,0,0,0,144.4,144.4,88.0,-51.0,0.0006925207756232,0.002,0.0,0.002,9.781,1.3161734308213346,12.077,0.0,0.0,0.0,1.1034000000000002,1.5356463785650651,3.794,88.0,0.0,88.0,0.0006925207756232,0.0,0.0006925207756232,3.324,2.866,0.0,0.0,2026-10-03 14:32:29.242744+00:00,eth0,connected,2.4 GHz,802.11n,11,NORMAL
0.001,0.001,0.002,9.024,0.0,0.299,0,0,0,0,0,0,144.4,144.4,88.0,-51.0,0.0006925207756232,0.002,0.0,0.002,9.7106,1.3521735465538445,12.077,0.0,0.0,0.0,1.0732,1.553094234101717,3.794,88.0,0.0,88.0,0.0006925207756232,0.0,0.0006925207756232,-3.053000000000001,-3.495,0.0,0.0,2026-10-03 14:32:34.635993+00:00,eth0,connected,2.4 GHz,802.11n,11,NORMAL
0.001,0.001,0.002,9.936,0.0,1.885,0,0,0,0,0,0,144.4,144.4,88.0,-51.0,0.0006925207756232,0.002,0.0,0.002,9.792,1.350758120464209,12.077,0.0,0.0,0.0,1.4084,1.499899096606168,3.794,88.0,0.0,88.0,0.0006925207756232,0.0,0.0006925207756232,0.9120000000000008,1.586,0.0,0.0,2026-10-03 14:32:40.060335+00:00,eth0,connected,2.4 GHz,802.11n,11,NORMAL
0.001,0.001,0.002,8.899,0.0,0.43,0,0,0,0,0,0,144.4,144.4,88.0,-51.0,0.0006925207756232,0.002,0.0,0.002,9.7378,1.3869090453234494,12.077,0.0,0.0,0.0,1.4672,1.4422002981555644,3.794,88.0,0.0,88.0,0.0006925207756232,0.0,0.0006925207756232,-1.0370000000000008,-1.455,0.0,0.0,2026-10-03 14:32:45.456283+00:00,eth0,connected,2.4 GHz,802.11n,11,NORMAL
0.001,0.001,0.002,24.219,0.0,23.668,0,0,0,0,0,0,144.4,144.4,88.0,-51.0,0.0006925207756232,0.002,0.0,0.002,12.831,6.492109788042717,24.219,0.0,0.0,0.0,6.0152,9.968488235434698,23.668,88.0,0.0,88.0,0.0006925207756232,0.0,0.0006925207756232,15.320000000000002,23.238,0.0,0.0,2026-10-03 14:32:50.827396+00:00,eth0,connected,2.4 GHz,802.11n,11,CONGESTED
0.001,0.001,0.002,13.564,0.0,8.074,0,0,0,0,0,0,144.4,144.4,88.0,-51.0,0.0006925207756232,0.002,0.0,0.002,13.1284,6.482987297534992,24.219,0.0,0.0,0.0,6.8712,9.913680935959157,23.668,88.0,0.0,88.0,0.0006925207756232,0.0,0.0006925207756232,-10.655,-15.594,0.0,0.0,2026-10-03 14:32:56.274515+00:00,eth0,connected,2.4 GHz,802.11n,11,NORMAL
0.001,0.001,0.002,9.015,0.0,0.466,0,0,0,0,0,0,144.4,144.4,88.0,-51.0,0.0006925207756232,0.002,0.0,0.002,13.126600000000002,6.484412872419527,24.219,0.0,0.0,0.0,6.9046,9.886246446452768,23.668,88.0,0.0,88.0,0.0006925207756232,0.0,0.0006925207756232,-4.549,-7.608,0.0,0.0,2026-10-03 14:33:01.689275+00:00,eth0,connected,2.4 GHz,802.11n,11,NORMAL
0.001,0.001,0.002,9.334,0.0,1.114,0,0,0,0,0,0,144.4,144.4,88.0,-51.0,0.0006925207756232,0.002,0.0,0.002,13.006200000000002,6.5635708040669485,24.219,0.0,0.0,0.0,6.750400000000001,9.989585216614351,23.668,88.0,0.0,88.0,0.0006925207756232,0.0,0.0006925207756232,0.318999999999999,0.6480000000000001,0.0,0.0,2026-10-03 14:33:07.110856+00:00,eth0,connected,2.4 GHz,802.11n,11,NORMAL
0.001,0.001,0.002,8.808,0.0,0.672,0,0,0,0,0,0,144.4,144.4,88.0,-51.0,0.0006925207756232,0.002,0.0,0.002,12.988,6.5779172615654,24.219,0.0,0.0,0.0,6.7988,9.951821803067014,23.668,88.0,0.0,88.0,0.0006925207756232,0.0,0.0006925207756232,-0.5259999999999998,-0.442,0.0,0.0,2026-10-03 14:33:12.473766+00:00,eth0,connected,2.4 GHz,802.11n,11,NORMAL
0.001,0.001,0.002,9.51,0.0,0.73,0,0,0,0,0,0,144.4,144.4,88.0,-51.0,0.0006925207756232,0.002,0.0,0.002,10.0462,1.9853317606888792,13.564,0.0,0.0,0.0,2.2112,3.2857679772010675,8.074,88.0,0.0,88.0,0.0006925207756232,0.0,0.0006925207756232,0.702,0.0579999999999999,0.0,0.0,2026-10-03 14:33:17.898458+00:00,eth0,connected,2.4 GHz,802.11n,11,NORMAL
0.001,0.001,0.002,9.324,0.0,0.575,0,0,0,0,0,0,144.4,144.4,88.0,-51.0,0.0006925207756232,0.002,0.0,0.002,9.1982,0.2816490724287831,9.51,0.0,0.0,0.0,0.7114,0.2463793822542678,1.114,88.0,0.0,88.0,0.0006925207756232,0.0,0.0006925207756232,-0.1859999999999999,-0.155,0.0,0.0,2026-10-03 14:33:23.387343+00:00,eth0,connected,2.4 GHz,802.11n,11,NORMAL
0.001,0.001,0.002,8.857,0.0,0.355,0,0,0,0,0,0,144.4,144.4,88.0,-51.0,0.0006925207756232,0.002,0.0,0.002,9.1666,0.3143116288017253,9.51,0.0,0.0,0.0,0.6891999999999999,0.2771041320514629,1.114,88.0,0.0,88.0,0.0006925207756232,0.0,0.0006925207756232,-0.4670000000000005,-0.2199999999999999,0.0,0.0,2026-10-03 14:33:28.796153+00:00,eth0,connected,2.4 GHz,802.11n,11,NORMAL
0.001,0.001,0.002,9.877,0.0,0.615,0,0,0,0,0,0,130.0,130.0,89.0,-51.0,0.0007692307692307,0.002,0.0,0.002,9.2752,0.4507889750204587,9.877,0.0,0.0,0.0,0.5894,0.1435245623577882,0.73,88.2,0.4472135954999571,89.0,0.0007078627743447,3.4305752051989095e-05,0.0007692307692307,1.0200000000000014,0.26,0.0,0.0,2026-10-03 14:33:34.223588+00:00,eth0,connected,2.4 GHz,802.11n,11,NORMAL
0.001,0.001,0.002,10.284,0.0,1.535,0,0,0,0,0,0,144.4,144.4,89.0,-51.0,0.0006925207756232,0.002,0.0,0.002,9.5704,0.5423396537226478,10.284,0.0,0.0,0.0,0.7619999999999999,0.4529845471977985,1.535,88.4,0.5477225575051643,89.0,0.0007078627743447,3.4305752051989095e-05,0.0007692307692307,0.407,0.92,0.0,0.0,2026-10-03 14:33:39.655207+00:00,eth0,connected,2.4 GHz,802.11n,11,NORMAL
0.001,0.001,0.002,10.592,0.0,1.471,0,0,0,0,0,0,144.4,130.0,89.0,-51.0,0.0007692307692307,0.002,0.0,0.002,9.7868,0.7039891334388663,10.592,0.0,0.0,0.0,0.9102,0.550595314182744,1.535,88.6,0.5477225575051643,89.0,0.0007232047730662,4.2015793884905104e-05,0.0007692307692307,0.3079999999999998,-0.0639999999999998,0.0,0.0,2026-10-03 14:33:45.106006+00:00,eth0,connected,2.4 GHz,802.11n,11,NORMAL
0.001,0.001,0.002,9.009,0.0,0.468,0,0,0,0,0,0,144.4,130.0,85.0,-51.0,0.0007692307692307,0.002,0.0,0.002,9.7238,0.7670310945457197,10.592,0.0,0.0,0.0,0.8888,0.5686635208978984,1.535,88.0,1.732050807568877,89.0,0.0007385467717877,4.201579388490509e-05,0.0007692307692307,-1.5830000000000002,-1.003,0.0,0.0,2026-10-03 14:33:50.548441+00:00,eth0,connected,2.4 GHz,802.11n,11,NORMAL
0.001,0.001,0.002,9.552,0.0,0.36,0,0,0,0,0,0,144.4,130.0,85.0,-51.0,0.0007692307692307,0.002,0.0,0.002,9.8628,0.6194583924687813,10.592,0.0,0.0,0.0,0.8897999999999999,0.56749334797863,1.535,87.4,2.190890230020665,89.0,0.0007538887705092,3.430575205198902e-05,0.0007692307692307,0.5429999999999993,-0.108,0.0,0.0,2026-10-03 14:33:55.991224+00:00,eth0,connected,2.4 GHz,802.11n,11,NORMAL
0.001,0.001,0.002,9.899,0.0,0.581,0,0,0,0,0,0,130.0,130.0,85.0,-51.0,0.0007692307692307,0.002,0.0,0.002,9.8672,0.6196625694682605,10.592,0.0,0.0,0.0,0.883,0.5717967296163861,1.535,86.6,2.190890230020665,89.0,0.0007538887705092,3.430575205198902e-05,0.0007692307692307,0.3469999999999995,0.2209999999999999,0.0,0.0,2026-10-03 14:34:01.408792+00:00,eth0,connected,2.4 GHz,802.11n,11,NORMAL
0.001,0.001,0.002,9.239,0.0,0.751,0,0,0,0,0,0,130.0,130.0,85.0,-51.0,0.0007692307692307,0.002,0.0,0.002,9.6582,0.6201682836134099,10.592,0.0,0.0,0.0,0.7262000000000001,0.4407932621989526,1.471,85.8,1.7888543819998313,89.0,0.0007692307692307,0.0,0.0007692307692307,-0.6599999999999984,0.17,0.0,0.0,2026-10-03 14:34:06.863140+00:00,eth0,connected,2.4 GHz,802.11n,11,NORMAL
0.001,0.001,0.002,8.996,0.0,0.555,0,0,0,0,0,0,144.4,130.0,85.0,-51.0,0.0007692307692307,0.002,0.0,0.002,9.339,0.3858490637542063,9.899,0.0,0.0,0.0,0.5429999999999999,0.1448844367073102,0.751,85.0,0.0,85.0,0.0007692307692307,0.0,0.0007692307692307,-0.2430000000000003,-0.1959999999999999,0.0,0.0,2026-10-03 14:34:12.240453+00:00,eth0,connected,2.4 GHz,802.11n,11,NORMAL
0.001,0.001,0.002,9.515,0.0,0.808,0,0,0,0,0,0,144.4,130.0,85.0,-51.0,0.0007692307692307,0.002,0.0,0.002,9.4402,0.3414625894589323,9.899,0.0,0.0,0.0,0.611,0.1770917841120659,0.808,85.0,0.0,85.0,0.0007692307692307,0.0,0.0007692307692307,0.5190000000000001,0.253,0.0,0.0,2026-10-03 14:34:17.622143+00:00,eth0,connected,2.4 GHz,802.11n,11,NORMAL
0.001,0.001,0.002,9.305,0.0,0.667,0,0,0,0,0,0,130.0,130.0,85.0,-51.0,0.0007692307692307,0.002,0.0,0.002,9.3908,0.339103524015895,9.899,0.0,0.0,0.0,0.6724,0.1080870019937389,0.808,85.0,0.0,85.0,0.0007692307692307,0.0,0.0007692307692307,-0.2100000000000008,-0.141,0.0,0.0,2026-10-03 14:34:22.986451+00:00,eth0,connected,2.4 GHz,802.11n,11,NORMAL
0.001,0.001,0.002,9.807,0.0,0.898,0,0,0,0,0,0,144.4,130.0,85.0,-51.0,0.0007692307692307,0.002,0.0,0.002,9.3724,0.3054616178834893,9.807,0.0,0.0,0.0,0.7358,0.1315055131923924,0.898,85.0,0.0,85.0,0.0007692307692307,0.0,0.0007692307692307,0.5020000000000007,0.2309999999999999,0.0,0.0,2026-10-03 14:34:28.380476+00:00,eth0,connected,2.4 GHz,802.11n,11,NORMAL
0.001,0.001,0.002,8.959,0.0,0.727,0,0,0,0,0,0,144.4,130.0,85.0,-51.0,0.0007692307692307,0.002,0.0,0.002,9.316400000000002,0.3572993143010467,9.807,0.0,0.0,0.0,0.7310000000000001,0.1312497619045249,0.898,85.0,0.0,85.0,0.0007692307692307,0.0,0.0007692307692307,-0.8480000000000008,-0.171,0.0,0.0,2026-10-03 14:34:33.762666+00:00,eth0,connected,2.4 GHz,802.11n,11,NORMAL
0.001,0.001,0.002,30.698,0.0,21.618,0,0,0,0,0,0,144.4,130.0,85.0,-55.0,0.0007692307692307,0.002,0.0,0.002,13.6568,9.531335856006756,30.698,0.0,0.0,0.0,4.9436,9.321677762076952,21.618,85.0,0.0,85.0,0.0007692307692307,0.0,0.0007692307692307,21.739,20.891,0.0,0.0,2026-10-03 14:34:39.163690+00:00,eth0,connected,2.4 GHz,802.11n,11,CONGESTED
0.001,0.001,0.002,9.283,0.0,0.706,0,0,0,0,0,0,144.4,130.0,85.0,-55.0,0.0007692307692307,0.002,0.0,0.002,13.610400000000002,9.557069467153624,30.698,0.0,0.0,0.0,4.9232,9.333095558280757,21.618,85.0,0.0,85.0,0.0007692307692307,0.0,0.0007692307692307,-21.415,-20.912,0.0,0.0,2026-10-03 14:34:44.581556+00:00,eth0,connected,2.4 GHz,802.11n,11,NORMAL
0.001,0.001,0.002,13.397,0.0,7.41,0,0,0,0,0,0,144.4,130.0,85.0,-55.0,0.0007692307692307,0.002,0.0,0.002,14.4288,9.26701792379836,30.698,0.0,0.0,0.0,6.2718,9.047126847789857,21.618,85.0,0.0,85.0,0.0007692307692307,0.0,0.0007692307692307,4.114000000000001,6.704000000000001,0.0,0.0,2026-10-03 14:34:49.937354+00:00,eth0,connected,2.4 GHz,802.11n,11,NORMAL
0.001,0.001,0.002,9.103,0.0,0.342,0,0,0,0,0,0,144.4,130.0,85.0,-55.0,0.0007692307692307,0.002,0.0,0.002,14.288,9.359680443263011,30.698,0.0,0.0,0.0,6.1606,9.132702108357634,21.618,85.0,0.0,85.0,0.0007692307692307,0.0,0.0007692307692307,-4.2940000000000005,-7.0680000000000005,0.0,0.0,2026-10-03 14:34:55.342579+00:00,eth0,connected,2.4 GHz,802.11n,11,NORMAL
0.001,0.001,0.002,9.777,0.0,1.625,0,0,0,0,0,0,144.4,130.0,85.0,-55.0,0.0007692307692307,0.002,0.0,0.002,14.4516,9.24975036419903,30.698,0.0,0.0,0.0,6.340199999999999,9.007099544248414,21.618,85.0,0.0,85.0,0.0007692307692307,0.0,0.0007692307692307,0.6739999999999995,1.283,0.0,0.0,2026-10-03 14:35:00.738217+00:00,eth0,connected,2.4 GHz,802.11n,11,NORMAL
0.001,0.001,0.002,8.846,0.0,0.607,0,0,0,0,0,0,144.4,130.0,85.0,-55.0,0.0007692307692307,0.002,0.0,0.002,10.0812,1.8845944391300784,13.397,0.0,0.0,0.0,2.138,2.9865261592693297,7.41,85.0,0.0,85.0,0.0007692307692307,0.0,0.0007692307692307,-0.9309999999999992,-1.018,0.0,0.0,2026-10-03 14:35:06.114508+00:00,eth0,connected,2.4 GHz,802.11n,11,NORMAL
0.001,0.001,0.002,8.457,0.0,0.365,0,0,0,0,0,0,144.4,130.0,85.0,-55.0,0.0007692307692307,0.002,0.0,0.002,9.916,2.004447055923406,13.397,0.0,0.0,0.0,2.0698,3.0309653082805177,7.41,85.0,0.0,85.0,0.0007692307692307,0.0,0.0007692307692307,-0.3889999999999993,-0.242,0.0,0.0,2026-10-03 14:35:11.507550+00:00,eth0,connected,2.4 GHz,802.11n,11,NORMAL
0.001,0.001,0.002,9.003,0.0,0.33,0,0,0,0,0,0,144.4,130.0,85.0,-55.0,0.0007692307692307,0.002,0.0,0.002,9.0372,0.4811425984050836,9.777,0.0,0.0,0.0,0.6538,0.5547275908047242,1.625,85.0,0.0,85.0,0.0007692307692307,0.0,0.0007692307692307,0.5459999999999994,-0.0349999999999999,0.0,0.0,2026-10-03 14:35:16.935557+00:00,eth0,connected,2.4 GHz,802.11n,11,NORMAL
0.001,0.001,0.002,8.963,0.0,0.359,0,0,0,0,0,0,144.4,144.4,86.0,-55.0,0.0006925207756232,0.002,0.0,0.002,9.0092,0.4804291831269154,9.777,0.0,0.0,0.0,0.6572,0.5523859158233613,1.625,85.2,0.4472135954999571,86.0,0.0007538887705092,3.4305752051989095e-05,0.0007692307692307,-0.0400000000000009,0.0289999999999999,0.0,0.0,2026-10-03 14:35:22.403049+00:00,eth0,connected,2.4 GHz,802.11n,11,NORMAL
0.001,0.001,0.002,9.526,0.0,1.073,0,0,0,0,0,0,144.4,130.0,86.0,-55.0,0.0007692307692307,0.002,0.0,0.002,8.959,0.3834755533277115,9.526,0.0,0.0,0.0,0.5468,0.3145762228777211,1.073,85.4,0.5477225575051643,86.0,0.0007538887705092,3.4305752051989095e-05,0.0007692307692307,0.5630000000000006,0.714,0.0,0.0,2026-10-03 14:35:27.796088+00:00,eth0,connected,2.4 GHz,802.11n,11,NORMAL
0.001,0.001,0.002,9.079,0.0,0.274,0,0,0,0,0,0,144.4,130.0,86.0,-55.0,0.0007692307692307,0.002,0.0,0.002,9.0056,0.380456042138898,9.526,0.0,0.0,0.0,0.4801999999999999,0.3333357166581669,1.073,85.6,0.5477225575051643,86.0,0.0007538887705092,3.4305752051989095e-05,0.0007692307692307,-0.4469999999999992,-0.7989999999999999,0.0,0.0,2026-10-03 14:35:33.203327+00:00,eth0,connected,2.4 GHz,802.11n,11,NORMAL
0.001,0.001,0.002,9.762,0.0,1.384,0,0,0,0,0,0,144.4,130.0,86.0,-55.0,0.0007692307692307,0.002,0.0,0.002,9.2666,0.3569177776463331,9.762,0.0,0.0,0.0,0.6839999999999999,0.5099906861894768,1.384,85.8,0.4472135954999571,86.0,0.0007538887705092,3.4305752051989095e-05,0.0007692307692307,0.6829999999999998,1.11,0.0,0.0,2026-10-03 14:35:38.658624+00:00,eth0,connected,2.4 GHz,802.11n,11,NORMAL
0.001,0.001,0.002,9.437,0.0,0.924,0,0,0,0,0,0,144.4,130.0,86.0,-55.0,0.0007692307692307,0.002,0.0,0.002,9.3534,0.3284209189439643,9.762,0.0,0.0,0.0,0.8028000000000001,0.4748891449591297,1.384,86.0,0.0,86.0,0.0007538887705092,3.4305752051989095e-05,0.0007692307692307,-0.325000000000001,-0.4599999999999998,0.0,0.0,2026-10-03 14:35:44.114644+00:00,eth0,connected,2.4 GHz,802.11n,11,NORMAL
0.001,0.001,0.002,9.251,0.0,0.149,0,0,0,0,0,0,144.4,130.0,86.0,-55.0,0.0007692307692307,0.002,0.0,0.002,9.411,0.2612116000486928,9.762,0.0,0.0,0.0,0.7607999999999999,0.5300365081765721,1.384,86.0,0.0,86.0,0.0007692307692307,0.0,0.0007692307692307,-0.1859999999999999,-0.775,0.0,0.0,2026-10-03 14:35:49.485178+00:00,eth0,connected,2.4 GHz,802.11n,11,NORMAL
0.001,0.001,0.002,10.033,0.0,1.221,0,0,0,0,0,0,144.4,130.0,86.0,-55.0,0.0007692307692307,0.002,0.0,0.002,9.5124,0.3857379939803683,10.033,0.0,0.0,0.0,0.7904,0.5553578125857359,1.384,86.0,0.0,86.0,0.0007692307692307,0.0,0.0007692307692307,0.782,1.072,0.0,0.0,2026-10-03 14:35:54.844305+00:00,eth0,connected,2.4 GHz,802.11n,11,NORMAL
0.001,0.001,0.002,8.616,0.0,0.385,0,0,0,0,0,0,130.0,130.0,88.0,-55.0,0.0007692307692307,0.002,0.0,0.002,9.4198,0.5403699658567256,10.033,0.0,0.0,0.0,0.8126,0.5312497529411316,1.384,86.4,0.8944271909999143,88.0,0.0007692307692307,0.0,0.0007692307692307,-1.4169999999999998,-0.8360000000000001,0.0,0.0,2026-10-03 14:36:00.321074+00:00,eth0,connected,2.4 GHz,802.11n,11,NORMAL
0.001,0.001,0.002,8.822,0.0,0.238,0,0,0,0,0,0,144.4,130.0,88.0,-55.0,0.0007692307692307,0.002,0.0,0.002,9.231799999999998,0.5548744903128976,10.033,0.0,0.0,0.0,0.5833999999999999,0.4663446150648827,1.221,86.8,1.095445115010331,88.0,0.0007692307692307,0.0,0.0007692307692307,0.2059999999999995,-0.147,0.0,0.0,2026-10-03 14:36:05.762952+00:00,eth0,connected,2.4 GHz,802.11n,11,NORMAL
0.001,0.001,0.002,9.44,0.0,0.756,0,0,0,0,0,0,144.4,130.0,88.0,-55.0,0.0007692307692307,0.002,0.0,0.002,9.2324,0.5551534022232034,10.033,0.0,0.0,0.0,0.5498000000000001,0.4410348058827257,1.221,87.2,1.095445115010331,88.0,0.0007692307692307,0.0,0.0007692307692307,0.6180000000000003,0.518,0.0,0.0,2026-10-03 14:36:11.124393+00:00,eth0,connected,2.4 GHz,802.11n,11,NORMAL
0.001,0.001,0.002,8.985,0.0,0.645,0,0,0,0,0,0,144.4,130.0,88.0,-55.0,0.0007692307692307,0.002,0.0,0.002,9.1792,0.5655728953901502,10.033,0.0,0.0,0.0,0.649,0.3798901156913845,1.221,87.6,0.8944271909999143,88.0,0.0007692307692307,0.0,0.0007692307692307,-0.455,-0.1109999999999999,0.0,0.0,2026-10-03 14:36:16.525470+00:00,eth0,connected,2.4 GHz,802.11n,11,NORMAL
0.001,0.001,0.002,9.696,0.0,0.435,0,0,0,0,0,0,144.4,130.0,88.0,-55.0,0.0007692307692307,0.002,0.0,0.002,9.1118,0.4457815608568814,9.696,0.0,0.0,0.0,0.4918,0.2075564983324145,0.756,88.0,0.0,88.0,0.0007692307692307,0.0,0.0007692307692307,0.7110000000000003,-0.21,0.0,0.0,2026-10-03 14:36:22.116705+00:00,eth0,connected,2.4 GHz,802.11n,11,NORMAL
0.001,0.001,0.002,9.975,0.0,0.671,0,0,0,0,0,0,144.4,130.0,88.0,-55.0,0.0007692307692307,0.002,0.0,0.002,9.3836,0.4808339630267372,9.975,0.0,0.0,0.0,0.549,0.2101582736891735,0.756,88.0,0.0,88.0,0.0007692307692307,0.0,0.0007692307692307,0.2789999999999999,0.236,0.0,0.0,2026-10-03 14:36:27.840084+00:00,eth0,connected,2.4 GHz,802.11n,11,NORMAL
0.001,0.001,0.002,9.758,0.0,0.324,0,0,0,0,0,0,130.0,130.0,87.0,-55.0,0.0007692307692307,0.002,0.0,0.002,9.5708,0.3789349548405342,9.975,0.0,0.0,0.0,0.5662,0.1796460408692982,0.756,87.8,0.4472135954999571,88.0,0.0007692307692307,0.0,0.0007692307692307,-0.2170000000000005,-0.347,0.0,0.0,2026-10-03 14:36:33.574173+00:00,eth0,connected,2.4 GHz,802.11n,11,NORMAL
0.001,0.001,0.002,9.267,0.0,0.802,0,0,0,0,0,0,144.4,130.0,87.0,-55.0,0.0007692307692307,0.002,0.0,0.002,9.5362,0.4011130763263617,9.975,0.0,0.0,0.0,0.5754,0.1925131164362926,0.802,87.6,0.5477225575051643,88.0,0.0007692307692307,0.0,0.0007692307692307,-0.4909999999999996,0.478,0.0,0.0,2026-10-03 14:36:39.230016+00:00,eth0,connected,2.4 GHz,802.11n,11,NORMAL
0.001,0.001,0.002,9.669,0.0,0.775,0,0,0,0,0,0,144.4,130.0,87.0,-55.0,0.0007692307692307,0.002,0.0,0.002,9.672999999999998,0.2568121881842794,9.975,0.0,0.0,0.0,0.6014,0.2120502298985161,0.802,87.4,0.5477225575051643,88.0,0.0007692307692307,0.0,0.0007692307692307,0.402000000000001,-0.027,0.0,0.0,2026-10-03 14:36:44.688088+00:00,eth0,connected,2.4 GHz,802.11n,11,NORMAL
0.001,0.001,0.002,9.813,0.0,1.139,0,0,0,0,0,0,130.0,86.7,86.0,-55.0,0.0011534025374855,0.002,0.0,0.002,9.6964,0.264642778099078,9.975,0.0,0.0,0.0,0.7422000000000001,0.2924306755455274,1.139,87.0,0.7071067811865469,88.0,0.0008460651228817,0.0001718068377708,0.0011534025374855,0.1440000000000001,0.364,0.0,0.0,2026-10-03 14:36:50.081647+00:00,eth0,connected,2.4 GHz,802.11n,11,NORMAL
0.001,0.001,0.002,9.921,0.0,0.819,0,0,0,0,0,0,117.0,86.7,86.0,-55.0,0.0011534025374855,0.002,0.0,0.002,9.6856,0.2511907641614195,9.921,0.0,0.0,0.0,0.7718,0.2909084048287595,1.139,86.6,0.5477225575051643,87.0,0.0009228994765326,0.0002104195434298,0.0011534025374855,0.1079999999999987,-0.32,0.0,0.0,2026-10-03 14:36:55.452849+00:00,eth0,connected,2.4 GHz,802.11n,11,NORMAL
0.001,0.001,0.002,9.036,0.0,0.316,0,0,0,0,0,0,144.4,130.0,85.0,-55.0,0.0007692307692307,0.002,0.0,0.002,9.5412,0.3757887704548889,9.921,0.0,0.0,0.0,0.7702,0.2939926869839001,1.139,86.2,0.8366600265340746,87.0,0.0009228994765326,0.0002104195434298,0.0011534025374855,-0.8849999999999998,-0.5029999999999999,0.0,0.0,2026-10-03 14:37:00.854815+00:00,eth0,connected,2.4 GHz,802.11n,11,NORMAL
0.001,0.001,0.002,9.301,0.0,0.615,0,0,0,0,0,0,117.0,144.4,85.0,-55.0,0.0008547008547008,0.002,0.0,0.002,9.547999999999998,0.369847265773315,9.921,0.0,0.0,0.0,0.7328,0.300752722348466,1.139,85.8,0.8366600265340746,87.0,0.0009399934936267,0.0001979150640696,0.0011534025374855,0.2650000000000005,0.299,0.0,0.0,2026-10-03 14:37:06.285611+00:00,eth0,connected,2.4 GHz,802.11n,11,NORMAL
0.001,0.001,0.002,8.982,0.0,0.713,0,0,0,0,0,0,117.0,144.4,85.0,-55.0,0.0008547008547008,0.002,0.0,0.002,9.4106,0.4354506860713354,9.921,0.0,0.0,0.0,0.7204,0.2998546314466619,1.139,85.4,0.5477225575051643,86.0,0.0009570875107207,0.0001825755935581,0.0011534025374855,-0.3190000000000008,0.0979999999999999,0.0,0.0,2026-10-03 14:37:11.675230+00:00,eth0,connected,2.4 GHz,802.11n,11,NORMAL
0.001,0.001,0.002,9.334,0.0,0.415,0,0,0,0,0,0,117.0,144.4,85.0,-55.0,0.0008547008547008,0.002,0.0,0.002,9.3148,0.3730022788134093,9.921,0.0,0.0,0.0,0.5756,0.2078816971260662,0.819,85.2,0.4472135954999571,86.0,0.0008973471741637,0.0001478464473617,0.0011534025374855,0.3520000000000003,-0.298,0.0,0.0,2026-10-03 14:37:17.081124+00:00,eth0,connected,2.4 GHz,802.11n,11,NORMAL
0.001,0.001,0.002,9.329,0.0,0.555,0,0,0,0,0,0,104.0,144.4,85.0,-55.0,0.0009615384615384,0.002,0.0,0.002,9.1964,0.172592873549275,9.334,0.0,0.0,0.0,0.5227999999999999,0.1581935523338848,0.713,85.0,0.0,85.0,0.0008589743589743,6.824239069517657e-05,0.0009615384615384,-0.004999999999999,0.14,0.0,0.0,2026-10-03 14:37:22.375090+00:00,eth0,connected,2.4 GHz,802.11n,11,NORMAL
0.001,0.001,0.002,8.051,0.0,0.741,0,0,0,0,0,0,104.0,144.4,85.0,-55.0,0.0009615384615384,0.002,0.0,0.002,8.9994,0.5503001908049785,9.334,0.0,0.0,0.0,0.6078,0.1311685938020741,0.741,85.0,0.0,85.0,0.0008974358974358,5.851736725482539e-05,0.0009615384615384,-1.2780000000000005,0.1859999999999999,0.0,0.0,2026-10-03 14:37:27.750238+00:00,eth0,connected,2.4 GHz,802.11n,11,NORMAL
0.001,0.001,0.002,8.973,0.0,0.343,0,0,0,0,0,0,104.0,72.2,85.0,-55.0,0.0013850415512465,0.002,0.0,0.002,8.9338,0.5242944783230086,9.334,0.0,0.0,0.0,0.5534,0.1761329043648958,0.741,85.0,0.0,85.0,0.001003504036745,0.000219873752384,0.0013850415512465,0.9220000000000006,-0.3979999999999999,0.0,0.0,2026-10-03 14:37:33.094898+00:00,eth0,connected,2.4 GHz,802.11n,11,NORMAL
0.001,0.001,0.002,9.88,0.0,0.918,0,0,0,0,0,0,117.0,72.2,85.0,-55.0,0.0013850415512465,0.002,0.0,0.002,9.1134,0.676614587486847,9.88,0.0,0.0,0.0,0.5944,0.2361922945398802,0.918,85.0,0.0,85.0,0.0011095721760541,0.0002552225034419,0.0013850415512465,0.907,0.575,0.0,0.0,2026-10-03 14:37:38.485012+00:00,eth0,connected,2.4 GHz,802.11n,11,NORMAL
0.001,0.001,0.002,8.358,0.0,0.225,0,0,0,0,0,0,104.0,72.2,85.0,-55.0,0.0013850415512465,0.002,0.0,0.002,8.9182,0.7353024547762617,9.88,0.0,0.0,0.0,0.5564,0.2829307335727484,0.918,85.0,0.0,85.0,0.0012156403153633,0.0002319621954062,0.0013850415512465,-1.5220000000000002,-0.6930000000000001,0.0,0.0,2026-10-03 14:37:43.882436+00:00,eth0,connected,2.4 GHz,802.11n,11,NORMAL
0.002,0.001,0.003,9.505,0.0,0.612,0,0,0,0,0,0,130.0,72.2,84.0,-55.0,0.0015384615384615,0.0021999999999999,0.0004472135954999,0.003,8.9534,0.7635543857512681,9.88,0.0,0.0,0.0,0.5678000000000001,0.2840065140098261,0.918,84.8,0.4472135954999571,85.0,0.0013310249307479,0.0002169698037855,0.0015384615384615,1.1470000000000002,0.387,0.0,0.001,2026-10-03 14:37:49.280639+00:00,eth0,connected,2.4 GHz,802.11n,11,NORMAL
0.001,0.001,0.002,9.666,0.0,0.584,0,0,0,0,0,0,130.0,72.2,84.0,-55.0,0.0013850415512465,0.0022,0.0004472135954999,0.003,9.2764,0.6131658013946931,9.88,0.0,0.0,0.0,0.5364,0.2683156722966692,0.918,84.6,0.5477225575051643,85.0,0.0014157255486895,6.8611504103978e-05,0.0015384615384615,0.1609999999999996,-0.028,0.0,-0.001,2026-10-03 14:37:54.771064+00:00,eth0,connected,2.4 GHz,802.11n,11,NORMAL
0.001,0.001,0.002,9.196,0.0,0.583,0,0,0,0,0,0,130.0,72.2,84.0,-55.0,0.0013850415512465,0.0022,0.0004472135954999,0.003,9.321000000000002,0.5933708789618819,9.88,0.0,0.0,0.0,0.5844,0.2455713745533334,0.918,84.4,0.5477225575051643,85.0,0.0014157255486895,6.8611504103978e-05,0.0015384615384615,-0.4700000000000006,-0.001,0.0,0.0,2026-10-03 14:38:00.262849+00:00,eth0,connected,2.4 GHz,802.11n,11,NORMAL
0.001,0.001,0.002,9.37,0.0,0.337,0,0,0,0,0,0,130.0,130.0,85.0,-55.0,0.0007692307692307,0.0022,0.0004472135954999,0.003,9.219,0.5114332801060139,9.666,0.0,0.0,0.0,0.4681999999999999,0.1758030147637223,0.612,84.4,0.5477225575051643,85.0,0.0012925633922863,0.0002999998176252,0.0015384615384615,0.1739999999999995,-0.2459999999999999,0.0,0.0,2026-10-03 14:38:05.687961+00:00,eth0,connected,2.4 GHz,802.11n,11,NORMAL
0.001,0.001,0.002,9.111,0.0,0.298,0,0,0,0,0,0,144.4,130.0,85.0,-55.0,0.0007692307692307,0.0022,0.0004472135954999,0.003,9.3696,0.2253870005124433,9.666,0.0,0.0,0.0,0.4827999999999999,0.1519726949159406,0.612,84.4,0.5477225575051643,85.0,0.0011694012358832,0.0003706345244715,0.0015384615384615,-0.2589999999999985,-0.039,0.0,0.0,2026-10-03 14:38:11.103370+00:00,eth0,connected,2.4 GHz,802.11n,11,NORMAL
0.001,0.001,0.002,8.903,0.0,0.263,0,0,0,0,0,0,117.0,72.2,85.0,-55.0,0.0013850415512465,0.002,0.0,0.002,9.2492,0.2872711262901243,9.666,0.0,0.0,0.0,0.413,0.1578306053970952,0.584,84.6,0.5477225575051643,85.0,0.0011387172384402,0.0003372934564649,0.0013850415512465,-0.2080000000000001,-0.0349999999999999,0.0,0.0,2026-10-03 14:38:16.534824+00:00,eth0,connected,2.4 GHz,802.11n,11,NORMAL
0.001,0.001,0.002,9.285,0.0,0.307,0,0,0,0,0,0,144.4,72.2,85.0,-55.0,0.0013850415512465,0.002,0.0,0.002,9.172999999999998,0.1793223354744102,9.37,0.0,0.0,0.0,0.3576,0.1287353875203457,0.583,84.8,0.4472135954999571,85.0,0.0011387172384402,0.0003372934564649,0.0013850415512465,0.3819999999999997,0.0439999999999999,0.0,0.0,2026-10-03 14:38:21.952474+00:00,eth0,connected,2.4 GHz,802.11n,11,NORMAL
0.001,0.001,0.002,8.991,0.0,0.533,0,0,0,0,0,0,144.4,72.2,85.0,-55.0,0.0013850415512465,0.002,0.0,0.002,9.132,0.1954584354792526,9.37,0.0,0.0,0.0,0.3476,0.1069476507456503,0.533,85.0,0.0,85.0,0.0011387172384402,0.0003372934564649,0.0013850415512465,-0.2940000000000005,0.226,0.0,0.0,2026-10-03 14:38:27.430132+00:00,eth0,connected,2.4 GHz,802.11n,11,NORMAL
0.001,0.001,0.002,8.761,0.0,0.374,0,0,0,0,0,0,117.0,72.2,85.0,-55.0,0.0013850415512465,0.002,0.0,0.002,9.0102,0.199772871031073,9.285,0.0,0.0,0.0,0.355,0.1073102977351828,0.533,85.0,0.0,85.0,0.0012618793948433,0.0002753989539729,0.0013850415512465,-0.2300000000000004,-0.159,0.0,0.0,2026-10-03 14:38:32.849164+00:00,eth0,connected,2.4 GHz,802.11n,11,NORMAL
0.001,0.001,0.002,8.885,0.0,0.413,0,0,0,0,0,0,144.4,130.0,85.0,-55.0,0.0007692307692307,0.002,0.0,0.002,8.965,0.1968095526136825,9.285,0.0,0.0,0.0,0.378,0.1043216180856757,0.533,85.0,0.0,85.0,0.0012618793948433,0.0002753989539729,0.0013850415512465,0.1240000000000005,0.0389999999999999,0.0,0.0,2026-10-03 14:38:38.338989+00:00,eth0,connected,2.4 GHz,802.11n,11,NORMAL
0.001,0.001,0.002,8.737,0.0,0.269,0,0,0,0,0,0,117.0,72.2,85.0,-55.0,0.0013850415512465,0.002,0.0,0.002,8.931799999999999,0.2222413102913094,9.285,0.0,0.0,0.0,0.3792,0.1026898242281755,0.533,85.0,0.0,85.0,0.0012618793948433,0.0002753989539729,0.0013850415512465,-0.1479999999999997,-0.1439999999999999,0.0,0.0,2026-10-03 14:38:43.771852+00:00,eth0,connected,2.4 GHz,802.11n,11,NORMAL
0.001,0.001,0.002,8.537,0.0,0.578,0,0,0,0,0,0,144.4,72.2,85.0,-55.0,0.0013850415512465,0.002,0.0,0.002,8.7822,0.1708660293914465,8.991,0.0,0.0,0.0,0.4333999999999999,0.124299235717737,0.578,85.0,0.0,85.0,0.0012618793948433,0.0002753989539729,0.0013850415512465,-0.1999999999999993,0.3089999999999999,0.0,0.0,2026-10-03 14:38:49.204948+00:00,eth0,connected,2.4 GHz,802.11n,11,NORMAL
0.001,0.001,0.002,9.475,0.0,1.184,0,0,0,0,0,0,144.4,72.2,85.0,-55.0,0.0013850415512465,0.002,0.0,0.002,8.879000000000001,0.3557752099289637,9.475,0.0,0.0,0.0,0.5635999999999999,0.3641844312982276,1.184,85.0,0.0,85.0,0.0012618793948433,0.0002753989539729,0.0013850415512465,0.9379999999999988,0.606,0.0,0.0,2026-10-03 14:38:54.569247+00:00,eth0,connected,2.4 GHz,802.11n,11,NORMAL
0.001,0.001,0.002,8.667,0.0,0.235,0,0,0,0,0,0,144.4,72.2,85.0,-55.0,0.0013850415512465,0.002,0.0,0.002,8.8602,0.3659087317897705,9.475,0.0,0.0,0.0,0.5357999999999999,0.3868742689815561,1.184,85.0,0.0,85.0,0.0012618793948433,0.0002753989539729,0.0013850415512465,-0.8079999999999998,-0.949,0.0,0.0,2026-10-03 14:39:00.015306+00:00,eth0,connected,2.4 GHz,802.11n,11,NORMAL
0.001,0.001,0.002,8.789,0.0,0.331,0,0,0,0,0,0,144.4,72.2,85.0,-55.0,0.0013850415512465,0.002,0.0,0.002,8.841,0.3667996728460895,9.475,0.0,0.0,0.0,0.5194,0.3950332897364644,1.184,85.0,0.0,85.0,0.0013850415512465,0.0,0.0013850415512465,0.1219999999999998,0.096,0.0,0.0,2026-10-03 14:39:05.454829+00:00,eth0,connected,2.4 GHz,802.11n,11,NORMAL
0.001,0.001,0.002,8.844,0.0,0.192,0,0,0,0,0,0,117.0,72.2,85.0,-55.0,0.0013850415512465,0.002,0.0,0.002,8.8624,0.3623089841557869,9.475,0.0,0.0,0.0,0.5039999999999999,0.4085064258980677,1.184,85.0,0.0,85.0,0.0013850415512465,0.0,0.0013850415512465,0.0549999999999997,-0.139,0.0,0.0,2026-10-03 14:39:10.874256+00:00,eth0,connected,2.4 GHz,802.11n,11,NORMAL
0.001,0.001,0.002,9.044,0.0,0.542,0,0,0,0,0,0,144.4,72.2,85.0,-55.0,0.0013850415512465,0.002,0.0,0.002,8.9638,0.3165259862949615,9.475,0.0,0.0,0.0,0.4968,0.4071912327150641,1.184,85.0,0.0,85.0,0.0013850415512465,0.0,0.0013850415512465,0.200000000000001,0.35,0.0,0.0,2026-10-03 14:39:16.256581+00:00,eth0,connected,2.4 GHz,802.11n,11,NORMAL
0.001,0.001,0.002,9.484,0.0,1.467,0,0,0,0,0,0,130.0,130.0,84.0,-55.0,0.0007692307692307,0.002,0.0,0.002,8.965599999999998,0.3201644889740241,9.484,0.0,0.0,0.0,0.5534000000000001,0.5282625294302195,1.467,84.8,0.4472135954999571,85.0,0.0012618793948433,0.0002753989539729,0.0013850415512465,0.4399999999999995,0.925,0.0,0.0,2026-10-03 14:39:21.700726+00:00,eth0,connected,2.4 GHz,802.11n,11,NORMAL
0.001,0.001,0.002,8.37,0.0,0.208,0,0,0,0,0,0,144.4,72.2,84.0,-55.0,0.0013850415512465,0.002,0.0,0.002,8.906200000000002,0.4055726815257636,9.484,0.0,0.0,0.0,0.548,0.5324523452854851,1.467,84.6,0.5477225575051643,85.0,0.0012618793948433,0.0002753989539729,0.0013850415512465,-1.1140000000000008,-1.259,0.0,0.0,2026-10-03 14:39:27.126183+00:00,eth0,connected,2.4 GHz,802.11n,11,NORMAL
0.001,0.001,0.002,8.448,0.0,0.427,0,0,0,0,0,0,104.0,72.2,85.0,-55.0,0.0013850415512465,0.002,0.0,0.002,8.838,0.4557718727609228,9.484,0.0,0.0,0.0,0.5672,0.5243402521264351,1.467,84.6,0.5477225575051643,85.0,0.0012618793948433,0.0002753989539729,0.0013850415512465,0.0780000000000011,0.219,0.0,0.0,2026-10-03 14:39:32.510148+00:00,eth0,connected,2.4 GHz,802.11n,11,NORMAL
0.001,0.001,0.002,8.963,0.0,0.351,0,0,0,0,0,0,144.4,72.2,85.0,-55.0,0.0013850415512465,0.002,0.0,0.002,8.861799999999999,0.4592572263993225,9.484,0.0,0.0,0.0,0.599,0.5001604742480291,1.467,84.6,0.5477225575051643,85.0,0.0012618793948433,0.0002753989539729,0.0013850415512465,0.5149999999999988,-0.076,0.0,0.0,2026-10-03 14:39:37.881208+00:00,eth0,connected,2.4 GHz,802.11n,11,NORMAL
0.001,0.001,0.002,9.034,0.0,0.803,0,0,0,0,0,0,117.0,72.2,85.0,-55.0,0.0013850415512465,0.002,0.0,0.002,8.859800000000002,0.4582861551476311,9.484,0.0,0.0,0.0,0.6512,0.5063064289538632,1.467,84.6,0.5477225575051643,85.0,0.0012618793948433,0.0002753989539729,0.0013850415512465,0.0710000000000015,0.452,0.0,0.0,2026-10-03 14:39:43.364147+00:00,eth0,connected,2.4 GHz,802.11n,11,NORMAL
0.001,0.001,0.002,8.742,0.0,0.473,0,0,0,0,0,0,144.4,72.2,85.0,-55.0,0.0013850415512465,0.002,0.0,0.002,8.711400000000001,0.2975916665499901,9.034,0.0,0.0,0.0,0.4524,0.2202289717544301,0.803,84.8,0.4472135954999571,85.0,0.0013850415512465,0.0,0.0013850415512465,-0.2919999999999998,-0.33,0.0,0.0,2026-10-03 14:39:48.844115+00:00,eth0,connected,2.4 GHz,802.11n,11,NORMAL
0.001,0.001,0.002,9.182,0.0,1.747,0,0,0,0,0,0,144.4,72.2,85.0,-55.0,0.0013850415512465,0.002,0.0,0.002,8.8738,0.2860440525513482,9.182,0.0,0.0,0.0,0.7602,0.5780477488927824,1.747,85.0,0.0,85.0,0.0013850415512465,0.0,0.0013850415512465,0.4399999999999995,1.274,0.0,0.0,2026-10-03 14:39:54.227115+00:00,eth0,connected,2.4 GHz,802.11n,11,NORMAL
0.001,0.001,0.002,8.832,0.0,0.488,0,0,0,0,0,0,117.0,72.2,83.0,-55.0,0.0013850415512465,0.002,0.0,0.002,8.950600000000001,0.1719267285793506,9.182,0.0,0.0,0.0,0.7724,0.5698427853364586,1.747,84.6,0.8944271909999143,85.0,0.0013850415512465,0.0,0.0013850415512465,-0.3499999999999996,-1.259,0.0,0.0,2026-10-03 14:39:59.712125+00:00,eth0,connected,2.4 GHz,802.11n,11,NORMAL
0.001,0.001,0.002,9.906,0.0,1.645,0,0,0,0,0,0,117.0,72.2,83.0,-55.0,0.0013850415512465,0.002,0.0,0.002,9.1392,0.4617956257913182,9.906,0.0,0.0,0.0,1.0312,0.6220628585601403,1.747,84.2,1.095445115010331,85.0,0.0013850415512465,0.0,0.0013850415512465,1.0739999999999998,1.157,0.0,0.0,2026-10-03 14:40:05.129694+00:00,eth0,connected,2.4 GHz,802.11n,11,NORMAL
0.001,0.001,0.002,9.787,0.0,0.505,0,0,0,0,0,0,130.0,72.2,84.0,-55.0,0.0013850415512465,0.002,0.0,0.002,9.2898,0.5357697266550188,9.906,0.0,0.0,0.0,0.9716,0.6623630424472768,1.747,84.0,0.9999999999999992,85.0,0.0013850415512465,0.0,0.0013850415512465,-0.1189999999999997,-1.14,0.0,0.0,2026-10-03 14:40:10.569145+00:00,eth0,connected,2.4 GHz,802.11n,11,NORMAL
0.001,0.001,0.002,9.125,0.0,1.596,0,0,0,0,0,0,78.0,72.2,84.0,-55.0,0.0013850415512465,0.002,0.0,0.002,9.3664,0.459873134679547,9.906,0.0,0.0,0.0,1.1962,0.6410824439961001,1.747,83.8,0.8366600265340746,85.0,0.0013850415512465,0.0,0.0013850415512465,-0.6620000000000008,1.0910000000000002,0.0,0.0,2026-10-03 14:40:15.932659+00:00,eth0,connected,2.4 GHz,802.11n,11,NORMAL
0.001,0.001,0.002,9.464,0.0,0.586,0,0,0,0,0,0,78.0,72.2,84.0,-55.0,0.0013850415512465,0.002,0.0,0.002,9.4228,0.4487624092991661,9.906,0.0,0.0,0.0,0.964,0.6006925170168288,1.645,83.6,0.5477225575051643,84.0,0.0013850415512465,0.0,0.0013850415512465,0.3390000000000004,-1.0100000000000002,0.0,0.0,2026-10-03 14:40:21.298391+00:00,eth0,connected,2.4 GHz,802.11n,11,NORMAL
0.001,0.001,0.002,9.386,0.0,1.345,0,0,0,0,0,0,78.0,72.2,84.0,-55.0,0.0013850415512465,0.002,0.0,0.002,9.5336,0.3148321775168344,9.906,0.0,0.0,0.0,1.1354000000000002,0.551140000362896,1.645,83.8,0.4472135954999571,84.0,0.0013850415512465,0.0,0.0013850415512465,-0.0780000000000011,0.759,0.0,0.0,2026-10-03 14:40:26.658634+00:00,eth0,connected,2.4 GHz,802.11n,11,NORMAL
0.001,0.001,0.002,11.061,0.0,3.007,0,0,0,0,0,0,104.0,72.2,84.0,-55.0,0.0013850415512465,0.002,0.0,0.002,9.7646,0.7622239172316686,11.061,0.0,0.0,0.0,1.4078,1.0108420747080191,3.007,84.0,0.0,84.0,0.0013850415512465,0.0,0.0013850415512465,1.6750000000000007,1.662,0.0,0.0,2026-10-03 14:40:32.135115+00:00,eth0,connected,2.4 GHz,802.11n,11,NORMAL
0.001,4.798,4.799,9.159,0.0,0.439,0,0,0,0,0,0,78.0,86.7,84.0,-55.0,5.534025374855824,0.9614,2.1452836176132983,4.799,9.639,0.8079780318795743,11.061,0.0,0.0,0.0,1.3946,1.025897314549567,3.007,84.0,0.0,84.0,1.1079131082121625,2.474271976065226,5.534025374855824,-1.9019999999999992,-2.568,0.0,4.797000000000001,2026-10-03 14:40:37.497301+00:00,eth0,connected,2.4 GHz,802.11n,11,NORMAL
0.001,5.145,5.146,9.164,0.0,0.261,0,0,0,0,0,0,117.0,86.7,84.0,-55.0,5.9342560553633215,1.9902,2.725217826156287,5.146,9.6468,0.8019412073213287,11.061,0.0,0.0,0.0,1.1276,1.1289268355389612,3.007,84.0,0.0,84.0,2.294487310974577,3.143146410607847,5.9342560553633215,0.004999999999999,-0.178,0.0,0.3469999999999995,2026-10-03 14:40:42.912431+00:00,eth0,connected,2.4 GHz,802.11n,11,NORMAL
0.001,5.146,5.147,8.977,0.0,0.071,0,0,0,0,0,0,130.0,130.0,84.0,-55.0,3.958461538461538,3.0192,2.7579653188537376,5.147,9.5494,0.8573536609824389,11.061,0.0,0.0,0.0,1.0246,1.2111906538609076,3.007,84.0,0.0,84.0,3.0859026103566354,2.9110255394488727,5.9342560553633215,-0.1869999999999994,-0.19,0.0,0.0010000000000003,2026-10-03 14:40:48.284140+00:00,eth0,connected,2.4 GHz,802.11n,11,NORMAL
0.001,5.146,5.147,9.809,0.0,0.92,0,0,0,0,0,0,104.0,86.7,85.0,-55.0,5.935409457900807,4.0482,2.2668989170229885,5.147,9.634,0.8580687618134052,11.061,0.0,0.0,0.0,0.9396,1.19792437156943,3.007,84.2,0.4472135954999571,85.0,4.272707493626548,2.522855042033721,5.935409457900807,0.831999999999999,0.8490000000000001,0.0,0.0,2026-10-03 14:40:53.677370+00:00,eth0,connected,2.4 GHz,802.11n,11,NORMAL
0.001,5.145,5.146,9.398,0.0,0.757,0,0,0,0,0,0,130.0,86.7,85.0,-55.0,5.9342560553633215,5.077,0.1554075287751404,5.147,9.3014,0.320695026465943,9.809,0.0,0.0,0.0,0.4896,0.3488521176659441,0.92,84.4,0.5477225575051643,85.0,5.459281696388962,0.8567302219136078,5.935409457900807,-0.4109999999999996,-0.163,0.0,-0.0010000000000003,2026-10-03 14:40:59.068401+00:00,eth0,connected,2.4 GHz,802.11n,11,NORMAL
0.002,3.297,3.299,9.206,0.0,0.472,0,0,0,0,0,0,144.4,86.7,85.0,-55.0,3.8027681660899657,4.776999999999999,0.826227268976277,5.147,9.3108,0.3161339905799311,9.809,0.0,0.0,0.0,0.4962,0.3479665213781545,0.92,84.6,0.5477225575051643,85.0,5.113030254635791,1.1263821339328732,5.935409457900807,-0.1920000000000001,-0.285,0.0,-1.847,2026-10-03 14:41:04.432000+00:00,eth0,connected,2.4 GHz,802.11n,11,NORMAL
0.001,0.001,0.002,11.905,0.0,2.576,0,0,0,0,0,0,130.0,86.7,85.0,-55.0,0.0011534025374855,3.7482,2.2418141537602976,5.147,9.859,1.1837936897956465,11.905,0.0,0.0,0.0,0.9591999999999998,0.9595215995484484,2.576,84.8,0.4472135954999571,85.0,3.926409724070624,2.423400429356279,5.935409457900807,2.699,2.104,0.0,-3.297,2026-10-03 14:41:09.826361+00:00,eth0,connected,2.4 GHz,802.11n,11,NORMAL
0.001,1.705,1.706,8.932,0.0,0.478,0,0,0,0,0,0,130.0,115.6,85.0,-55.0,1.4749134948096887,3.06,2.233202073257143,5.147,9.849999999999998,1.19231602354409,11.905,0.0,0.0,0.0,1.0406,0.8792398990036867,2.576,85.0,0.0,85.0,3.4297001153402533,2.658321031697744,5.935409457900807,-2.972999999999999,-2.098,0.0,1.704,2026-10-03 14:41:15.191440+00:00,eth0,connected,2.4 GHz,802.11n,11,NORMAL
0.001,15.435,15.436,8.815,0.0,0.418,0,0,0,0,0,0,130.0,130.0,85.0,-55.0,11.873076923076924,5.1178,6.074246224841399,15.436,9.6512,1.2804693280200006,11.905,0.0,0.0,0.0,0.9402,0.92397738067553,2.576,85.0,0.0,85.0,4.617233608375477,4.642939167512705,11.873076923076924,-0.1170000000000008,-0.06,0.0,13.73,2026-10-03 14:41:20.585447+00:00,eth0,connected,2.4 GHz,802.11n,11,NORMAL
0.001,15.437,15.438,9.843,0.0,1.075,0,0,0,0,0,0,144.4,130.0,85.0,-55.0,11.874615384615383,7.1762,7.630638059821733,15.438,9.7402,1.2739190319639595,11.905,0.0,0.0,0.0,1.0038,0.9191464518780528,2.576,85.0,0.0,85.0,5.805305474225889,5.703179042889087,11.874615384615383,1.0280000000000005,0.657,0.0,0.0019999999999988,2026-10-03 14:41:25.992008+00:00,eth0,connected,2.4 GHz,802.11n,11,NORMAL
0.001,15.435,15.436,8.808,0.0,0.213,0,0,0,0,0,0,144.4,130.0,85.0,-55.0,11.873076923076924,9.6036,8.009943994810449,15.438,9.6606,1.3269726071023438,11.905,0.0,0.0,0.0,0.952,0.962867851784456,2.576,85.0,0.0,85.0,7.419367225623281,6.121411658665683,11.874615384615383,-1.035,-0.862,0.0,-0.0019999999999988,2026-10-03 14:41:31.398057+00:00,eth0,connected,2.4 GHz,802.11n,11,NORMAL
0.001,15.437,15.438,8.547,0.0,0.338,0,0,0,0,0,0,144.4,130.0,85.0,-55.0,11.874615384615383,12.6908,6.140689961233996,15.438,8.988999999999999,0.4977363760064086,9.843,0.0,0.0,0.0,0.5044,0.3340468530012124,1.075,85.0,0.0,85.0,9.79405962203886,4.650544127427566,11.874615384615383,-0.2609999999999992,0.125,0.0,0.0019999999999988,2026-10-03 14:41:36.779818+00:00,eth0,connected,2.4 GHz,802.11n,11,NORMAL
0.001,15.436,15.437,10.442,0.0,3.492,0,0,0,0,0,0,144.4,130.0,85.0,-55.0,11.873846153846154,15.437,0.0009999999880794,15.438,9.291,0.812850847326859,10.442,0.0,0.0,0.0,1.1072,1.3742786107627571,3.492,85.0,0.0,85.0,11.873846153846154,0.0007692307769501,11.874615384615383,1.895,3.154,0.0,-0.0009999999999994,2026-10-03 14:41:42.129720+00:00,eth0,connected,2.4 GHz,802.11n,11,NORMAL
0.002,10.791,10.793,8.993,0.0,0.274,0,0,0,0,0,0,585.0,585.0,82.0,-61.0,1.8446153846153848,14.5084,2.076971906406048,15.438,9.3266,0.7903792127833275,10.442,0.0,0.0,0.0,1.0783999999999998,1.3937041651656257,3.492,84.4,1.3416407864998754,85.0,9.868153846153849,4.485294400369743,11.874615384615383,-1.4489999999999998,-3.218,0.0,-4.643999999999998,2026-10-03 14:41:47.529797+00:00,eth0,connected,5 GHz,802.11ac,149,NORMAL
0.001,19.988,19.989,7.925,0.0,0.222,0,0,0,0,0,0,468.0,26.0,82.0,-61.0,76.87692307692308,15.418599999999998,3.2513746785013837,19.989,8.943000000000001,0.9301701457260352,10.442,0.0,0.0,0.0,0.9078000000000002,1.4454698889980426,3.492,83.8,1.6431676725154996,85.0,22.868615384615385,30.50229798016874,76.87692307692308,-1.0680000000000005,-0.052,0.0,9.196,2026-10-03 14:41:52.982456+00:00,eth0,connected,5 GHz,802.11ac,149,NORMAL
0.002,19.976,19.978,8.554,0.0,0.311,0,0,0,0,0,0,351.0,26.0,82.0,-61.0,76.83076923076922,16.326999999999998,3.838867736716124,19.989,8.892199999999999,0.9461842843759316,10.442,0.0,0.0,0.0,0.9274,1.4343147492792556,3.492,83.2,1.6431676725154996,85.0,35.86015384615384,37.6452937030403,76.87692307692308,0.6290000000000004,0.089,0.0,-0.0110000000000027,2026-10-03 14:41:58.407507+00:00,eth0,connected,5 GHz,802.11ac,149,NORMAL
0.001,19.985,19.986,9.973,0.0,1.469,0,0,0,0,0,0,351.0,26.0,82.0,-61.0,76.86538461538461,17.2366,4.1051407162239855,19.989,9.177400000000002,1.0275370066328473,10.442,0.0,0.0,0.0,1.1536000000000002,1.4070484355557964,3.492,82.6,1.3416407864998754,85.0,48.85830769230769,38.50336163914513,76.87692307692308,1.4190000000000005,1.158,0.0,0.0080000000000026,2026-10-03 14:42:03.786803+00:00,eth0,connected,5 GHz,802.11ac,149,NORMAL
0.001,19.996,19.997,8.641,0.0,0.711,0,0,0,0,0,0,585.0,26.0,81.0,-61.0,76.9076923076923,18.1486,4.11191102773394,19.997,8.817200000000001,0.75218362119897,9.973,0.0,0.0,0.0,0.5974,0.5244352200224675,1.469,81.8,0.4472135954999571,82.0,61.86507692307693,33.55246929422103,76.9076923076923,-1.3320000000000007,-0.7580000000000001,0.0,0.0109999999999992,2026-10-03 14:42:09.157280+00:00,eth0,connected,5 GHz,802.11ac,149,NORMAL
0.001,19.999,20.0,10.834,0.0,3.61,0,0,0,0,0,0,585.0,585.0,81.0,-61.0,3.4186324786324787,19.99,0.008803408430655,20.0,9.1854,1.185521109048671,10.834,0.0,0.0,0.0,1.2646000000000002,1.400492877525628,3.61,81.6,0.5477225575051643,82.0,62.179880341880335,32.84854769203548,76.9076923076923,2.193,2.899,0.0,0.0030000000000001,2026-10-03 14:42:14.567428+00:00,eth0,connected,5 GHz,802.11ac,149,NORMAL
0.002,7.349,7.351,8.829,0.0,0.498,0,0,0,0,0,0,585.0,26.0,82.0,-61.0,28.265384615384612,17.4624,5.652451264716926,20.0,9.3662,0.99960127050739,10.834,0.0,0.0,0.0,1.3198,1.35378606138489,3.61,81.6,0.5477225575051643,82.0,52.45757264957265,34.56038904154225,76.9076923076923,-2.004999999999999,-3.112,0.0,-12.649,2026-10-03 14:42:19.981502+00:00,eth0,connected,5 GHz,802.11ac,149,NORMAL
0.001,0.001,0.002,8.472,0.0,0.307,0,0,0,0,0,0,351.0,130.0,82.0,-61.0,0.0007692307692307,13.4672,9.307658550892372,20.0,9.349799999999998,1.016783015200386,10.834,0.0,0.0,0.0,1.319,1.3545322070737238,3.61,81.6,0.5477225575051643,82.0,37.09157264957265,37.93011895626069,76.9076923076923,-0.3570000000000011,-0.191,0.0,-7.349,2026-10-03 14:42:25.343237+00:00,eth0,connected,5 GHz,802.11ac,149,NORMAL
0.001,0.001,0.002,8.504,0.0,0.808,0,0,0,0,0,0,351.0,130.0,82.0,-61.0,0.0007692307692307,9.4704,10.068202883335232,20.0,9.056,1.0038423681036734,10.834,0.0,0.0,0.0,1.1868,1.3684175897729511,3.61,81.6,0.5477225575051643,82.0,21.71864957264957,33.04131299017916,76.9076923076923,0.032,0.5010000000000001,0.0,0.0,2026-10-03 14:42:30.698493+00:00,eth0,connected,5 GHz,802.11ac,149,NORMAL
0.001,0.001,0.002,8.745,0.0,0.317,0,0,0,0,0,0,351.0,130.0,82.0,-61.0,0.0007692307692307,5.4714,8.722902659092316,20.0,9.0768,0.9941240868221588,10.834,0.0,0.0,0.0,1.108,1.413275097070635,3.61,81.8,0.4472135954999571,82.0,6.337264957264957,12.347210024554482,28.265384615384612,0.2409999999999996,-0.491,0.0,0.0,2026-10-03 14:42:36.066269+00:00,eth0,connected,5 GHz,802.11ac,149,NORMAL
0.001,0.001,0.002,8.117,0.0,0.191,0,0,0,0,0,0,351.0,130.0,82.0,-61.0,0.0007692307692307,1.4718,3.286572713329152,7.351,8.533399999999999,0.2784677719234202,8.829,0.0,0.0,0.0,0.4242,0.2410180491166854,0.808,82.0,0.0,82.0,5.653692307692308,12.640320271577242,28.265384615384612,-0.6279999999999983,-0.126,0.0,0.0,2026-10-03 14:42:41.483257+00:00,eth0,connected,5 GHz,802.11ac,149,NORMAL
0.001,0.001,0.002,8.952,0.0,0.647,0,0,0,0,0,0,468.0,130.0,82.0,-61.0,0.0007692307692307,0.002,0.0,0.002,8.557999999999998,0.3142443316911124,8.952,0.0,0.0,0.0,0.454,0.2608217782318283,0.808,82.0,0.0,82.0,0.0007692307692307,0.0,0.0007692307692307,0.8349999999999991,0.456,0.0,0.0,2026-10-03 14:42:46.878741+00:00,eth0,connected,5 GHz,802.11ac,149,NORMAL
0.001,0.001,0.002,9.522,0.0,0.626,0,0,0,0,0,0,130.0,130.0,82.0,-57.0,0.0007692307692307,0.002,0.0,0.002,8.768,0.5235451269947918,9.522,0.0,0.0,0.0,0.5178,0.2548209175087733,0.808,82.0,0.0,82.0,0.0007692307692307,0.0,0.0007692307692307,0.5700000000000003,-0.021,0.0,0.0,2026-10-03 14:42:52.266752+00:00,eth0,connected,2.4 GHz,802.11n,11,NORMAL
0.001,0.001,0.002,9.706,0.0,1.785,0,0,0,0,0,0,130.0,130.0,84.0,-57.0,0.0007692307692307,0.002,0.0,0.002,9.008399999999998,0.6359216146664549,9.706,0.0,0.0,0.0,0.7132,0.6305570553090443,1.785,82.4,0.8944271909999143,84.0,0.0007692307692307,0.0,0.0007692307692307,0.1839999999999992,1.1589999999999998,0.0,0.0,2026-10-03 14:42:57.654430+00:00,eth0,connected,2.4 GHz,802.11n,11,NORMAL
0.005,0.001,0.006,8.507,0.0,0.378,0,0,0,0,0,0,130.0,115.6,84.0,-57.0,0.0038461538461538,0.0028,0.0017888543819998,0.006,8.9608,0.6686327093404805,9.706,0.0,0.0,0.0,0.7253999999999999,0.6215000402252707,1.785,82.8,1.095445115010331,84.0,0.0013846153846153,0.0013760418323075,0.0038461538461538,-1.1989999999999998,-1.407,0.0,0.004,2026-10-03 14:43:03.041027+00:00,eth0,connected,2.4 GHz,802.11n,11,NORMAL
0.002,0.001,0.003,8.482,0.0,0.221,0,0,0,0,0,0,130.0,115.6,84.0,-57.0,0.0015384615384615,0.003,0.0017320508075688,0.006,9.0338,0.5654389445377739,9.706,0.0,0.0,0.0,0.7314,0.6151636367666843,1.785,83.2,1.095445115010331,84.0,0.0015384615384615,0.0013323467750529,0.0038461538461538,-0.0250000000000003,-0.157,0.0,-0.003,2026-10-03 14:43:08.477285+00:00,eth0,connected,2.4 GHz,802.11n,11,NORMAL
0.002,0.001,0.003,8.822,0.0,0.318,0,0,0,0,0,0,144.4,115.6,84.0,-57.0,0.0013850415512465,0.0032,0.0016431676725154,0.006,9.0078,0.5730778306652526,9.706,0.0,0.0,0.0,0.6656,0.6433959123277153,1.785,83.6,0.8944271909999143,84.0,0.0016616236948646,0.0012704889657404,0.0038461538461538,0.3399999999999998,0.097,0.0,0.0,2026-10-03 14:43:13.928627+00:00,eth0,connected,2.4 GHz,802.11n,11,NORMAL
0.001,0.001,0.002,10.137,0.0,0.932,0,0,0,0,0,0,144.4,115.6,84.0,-57.0,0.0008650519031141,0.0032,0.0016431676725154,0.006,9.1308,0.7497864362603466,10.137,0.0,0.0,0.0,0.7268,0.6531666709194622,1.785,84.0,0.0,84.0,0.0016807879216413,0.0012542820651695,0.0038461538461538,1.3150000000000013,0.6140000000000001,0.0,-0.001,2026-10-03 14:43:19.487200+00:00,eth0,connected,2.4 GHz,802.11n,11,NORMAL
0.001,0.001,0.002,9.307,0.0,0.443,0,0,0,0,0,0,144.4,115.6,84.0,-57.0,0.0008650519031141,0.0032,0.0016431676725154,0.006,9.051,0.6922914848530147,10.137,0.0,0.0,0.0,0.4584,0.2770691249490152,0.932,84.0,0.0,84.0,0.001699952148418,0.0012374920674388,0.0038461538461538,-0.8300000000000001,-0.489,0.0,0.0,2026-10-03 14:43:24.893514+00:00,eth0,connected,2.4 GHz,802.11n,11,NORMAL
0.001,0.001,0.002,9.747,0.0,0.223,0,0,0,0,0,0,144.4,115.6,84.0,-57.0,0.0008650519031141,0.0024,0.0005477225575051,0.003,9.299,0.6704532049293147,10.137,0.0,0.0,0.0,0.4274,0.2963162162285638,0.932,84.0,0.0,84.0,0.0011037317598101,0.0003312964688845,0.0015384615384615,0.4399999999999995,-0.22,0.0,0.0,2026-10-03 14:43:30.314333+00:00,eth0,connected,2.4 GHz,802.11n,11,NORMAL
0.002,0.001,0.003,9.458,0.0,0.806,0,0,0,0,0,0,144.4,115.6,84.0,-57.0,0.0013850415512465,0.0024,0.0005477225575051,0.003,9.4942,0.4912501399490769,10.137,0.0,0.0,0.0,0.5444000000000001,0.3096389833338384,0.932,84.0,0.0,84.0,0.0010730477623671,0.0002848100599512,0.0013850415512465,-0.2889999999999997,0.5830000000000001,0.0,0.001,2026-10-03 14:43:35.686517+00:00,eth0,connected,2.4 GHz,802.11n,11,NORMAL
0.001,0.001,0.002,8.681,0.0,0.688,0,0,0,0,0,0,144.4,115.6,84.0,-57.0,0.0008650519031141,0.0021999999999999,0.0004472135954999,0.003,9.466,0.541011090459325,10.137,0.0,0.0,0.0,0.6184000000000001,0.2852583039983465,0.932,84.0,0.0,84.0,0.0009690498327406,0.000232546440164,0.0013850415512465,-0.777000000000001,-0.1180000000000001,0.0,-0.001,2026-10-03 14:43:41.125378+00:00,eth0,connected,2.4 GHz,802.11n,11,NORMAL
0.001,0.001,0.002,9.04,0.0,0.476,0,0,0,0,0,0,130.0,86.7,84.0,-57.0,0.0011534025374855,0.0021999999999999,0.0004472135954999,0.003,9.2466,0.4066095178423528,9.747,0.0,0.0,0.0,0.5272,0.2268451013357199,0.806,84.0,0.0,84.0,0.0010267199596149,0.0002360362896058,0.0013850415512465,0.359,-0.2119999999999999,0.0,0.0,2026-10-03 14:43:46.495213+00:00,eth0,connected,2.4 GHz,802.11n,11,NORMAL
0.001,0.001,0.002,9.314,0.0,0.616,0,0,0,0,0,0,144.4,72.2,84.0,-57.0,0.0013850415512465,0.0021999999999999,0.0004472135954999,0.003,9.248,0.4068814323608176,9.747,0.0,0.0,0.0,0.5618000000000001,0.2239669618493162,0.806,84.0,0.0,84.0,0.0011307178892414,0.0002603038972755,0.0013850415512465,0.2740000000000009,0.14,0.0,0.0,2026-10-03 14:43:51.920588+00:00,eth0,connected,2.4 GHz,802.11n,11,NORMAL
0.001,0.001,0.002,9.097,0.0,0.711,0,0,0,0,0,0,117.0,72.2,84.0,-57.0,0.0013850415512465,0.0021999999999999,0.0004472135954999,0.003,9.118,0.2964413938706808,9.458,0.0,0.0,0.0,0.6594000000000001,0.1229747941653616,0.806,84.0,0.0,84.0,0.0012347158188678,0.0002297045590454,0.0013850415512465,-0.2170000000000005,0.0949999999999999,0.0,0.0,2026-10-03 14:43:57.356956+00:00,eth0,connected,2.4 GHz,802.11n,11,NORMAL
0.001,0.001,0.002,8.603,0.0,0.55,0,0,0,0,0,0,117.0,72.2,84.0,-57.0,0.0013850415512465,0.002,0.0,0.002,8.947,0.2978800093997479,9.314,0.0,0.0,0.0,0.6082000000000001,0.0972892594278168,0.711,84.0,0.0,84.0,0.0012347158188678,0.0002297045590454,0.0013850415512465,-0.4939999999999998,-0.1609999999999999,0.0,0.0,2026-10-03 14:44:02.710570+00:00,eth0,connected,2.4 GHz,802.11n,11,NORMAL
0.001,0.001,0.002,9.211,0.0,0.706,0,0,0,0,0,0,117.0,72.2,84.0,-57.0,0.0013850415512465,0.002,0.0,0.002,9.053,0.2728048753229908,9.314,0.0,0.0,0.0,0.6118,0.1012333936999696,0.711,84.0,0.0,84.0,0.0013387137484943,0.000103592116202,0.0013850415512465,0.6080000000000005,0.1559999999999999,0.0,0.0,2026-10-03 14:44:08.146129+00:00,eth0,connected,2.4 GHz,802.11n,11,NORMAL
0.001,0.001,0.002,9.075,0.0,0.324,0,0,0,0,0,0,144.4,72.2,83.0,-57.0,0.0013850415512465,0.002,0.0,0.002,9.06,0.2728369476445455,9.314,0.0,0.0,0.0,0.5814,0.1587129484321082,0.711,83.8,0.4472135954999571,84.0,0.0013850415512465,0.0,0.0013850415512465,-0.136000000000001,-0.3819999999999999,0.0,0.0,2026-10-03 14:44:13.502614+00:00,eth0,connected,2.4 GHz,802.11n,11,NORMAL
0.001,0.001,0.002,9.494,0.0,1.231,0,0,0,0,0,0,144.4,72.2,83.0,-57.0,0.0013850415512465,0.002,0.0,0.002,9.096,0.3221490338337089,9.494,0.0,0.0,0.0,0.7044,0.3338776722094682,1.231,83.6,0.5477225575051643,84.0,0.0013850415512465,0.0,0.0013850415512465,0.4190000000000005,0.907,0.0,0.0,2026-10-03 14:44:18.903146+00:00,eth0,connected,2.4 GHz,802.11n,11,NORMAL
0.001,0.001,0.002,8.986,0.0,0.303,0,0,0,0,0,0,144.4,72.2,83.0,-57.0,0.0013850415512465,0.002,0.0,0.002,9.0738,0.3258660767861427,9.494,0.0,0.0,0.0,0.6228,0.3787092552341612,1.231,83.4,0.5477225575051643,84.0,0.0013850415512465,0.0,0.0013850415512465,-0.5079999999999991,-0.9280000000000002,0.0,0.0,2026-10-03 14:44:24.294728+00:00,eth0,connected,2.4 GHz,802.11n,11,NORMAL
0.001,0.001,0.002,9.417,0.0,0.307,0,0,0,0,0,0,144.4,72.2,83.0,-57.0,0.0013850415512465,0.002,0.0,0.002,9.2366,0.2170076035534022,9.494,0.0,0.0,0.0,0.5742,0.4050625877565257,1.231,83.2,0.4472135954999571,84.0,0.0013850415512465,0.0,0.0013850415512465,0.4309999999999991,0.004,0.0,0.0,2026-10-03 14:44:29.747430+00:00,eth0,connected,2.4 GHz,802.11n,11,NORMAL
0.001,0.001,0.002,9.775,0.0,1.45,0,0,0,0,0,0,144.4,72.2,83.0,-57.0,0.0013850415512465,0.002,0.0,0.002,9.3494,0.321702191475267,9.775,0.0,0.0,0.0,0.7230000000000001,0.5690452530335466,1.45,83.0,0.0,83.0,0.0013850415512465,0.0,0.0013850415512465,0.3580000000000005,1.143,0.0,0.0,2026-10-03 14:44:35.160935+00:00,eth0,connected,2.4 GHz,802.11n,11,NORMAL
0.001,0.001,0.002,10.233,0.0,1.229,0,0,0,0,0,0,144.4,72.2,83.0,-57.0,0.0013850415512465,0.002,0.0,0.002,9.581,0.4613106328711561,10.233,0.0,0.0,0.0,0.904,0.5541389717390514,1.45,83.0,0.0,83.0,0.0013850415512465,0.0,0.0013850415512465,0.4580000000000002,-0.2209999999999998,0.0,0.0,2026-10-03 14:44:40.594365+00:00,eth0,connected,2.4 GHz,802.11n,11,NORMAL
0.002,0.001,0.003,9.147,0.0,0.547,0,0,0,0,0,0,144.4,72.2,83.0,-57.0,0.0013850415512465,0.0022,0.0004472135954999,0.003,9.5116,0.5019798800748765,10.233,0.0,0.0,0.0,0.7672000000000001,0.5374078525663848,1.45,83.0,0.0,83.0,0.0013850415512465,0.0,0.0013850415512465,-1.0860000000000003,-0.682,0.0,0.001,2026-10-03 14:44:45.982188+00:00,eth0,connected,2.4 GHz,802.11n,11,NORMAL
0.001,0.001,0.002,8.924,0.0,0.195,0,0,0,0,0,0,130.0,130.0,84.0,-57.0,0.0007692307692307,0.0022,0.0004472135954999,0.003,9.4992,0.5186966358093987,10.233,0.0,0.0,0.0,0.7456,0.5623226831633357,1.45,83.2,0.4472135954999571,84.0,0.0012618793948433,0.0002753989539729,0.0013850415512465,-0.2230000000000007,-0.352,0.0,-0.001,2026-10-03 14:44:51.378388+00:00,eth0,connected,2.4 GHz,802.11n,11,NORMAL
0.001,0.001,0.002,9.202,0.0,0.129,0,0,0,0,0,0,130.0,130.0,84.0,-57.0,0.0007692307692307,0.0022,0.0004472135954999,0.003,9.4562,0.5358429807322185,10.233,0.0,0.0,0.0,0.7100000000000001,0.6013143936411411,1.45,83.4,0.5477225575051643,84.0,0.0011387172384402,0.0003372934564649,0.0013850415512465,0.2780000000000004,-0.066,0.0,0.0,2026-10-03 14:44:56.813958+00:00,eth0,connected,2.4 GHz,802.11n,11,NORMAL
0.001,0.001,0.002,9.18,0.0,0.507,0,0,0,0,0,0,104.0,72.2,85.0,-57.0,0.0013850415512465,0.0022,0.0004472135954999,0.003,9.3372,0.5129227037283399,10.233,0.0,0.0,0.0,0.5214000000000001,0.436484593084353,1.229,83.8,0.8366600265340746,85.0,0.0011387172384402,0.0003372934564649,0.0013850415512465,-0.0220000000000002,0.378,0.0,0.0,2026-10-03 14:45:02.206874+00:00,eth0,connected,2.4 GHz,802.11n,11,NORMAL
0.001,0.001,0.002,10.417,0.0,0.961,0,0,0,0,0,0,117.0,72.2,85.0,-57.0,0.0013850415512465,0.0022,0.0004472135954999,0.003,9.374,0.5935271687125953,10.417,0.0,0.0,0.0,0.4678000000000001,0.3317607571730164,0.961,84.2,0.8366600265340746,85.0,0.0011387172384402,0.0003372934564649,0.0013850415512465,1.237,0.4539999999999999,0.0,0.0,2026-10-03 14:45:07.605223+00:00,eth0,connected,2.4 GHz,802.11n,11,NORMAL
0.001,0.001,0.002,10.46,0.0,2.843,0,0,0,0,0,0,144.4,72.2,85.0,-57.0,0.0013850415512465,0.002,0.0,0.002,9.6366,0.7402991287310734,10.46,0.0,0.0,0.0,0.927,1.1204061763485655,2.843,84.6,0.5477225575051643,85.0,0.0011387172384402,0.0003372934564649,0.0013850415512465,0.043000000000001,1.882,0.0,0.0,2026-10-03 14:45:13.024480+00:00,eth0,connected,2.4 GHz,802.11n,11,NORMAL
0.001,0.001,0.002,10.015,0.0,0.839,0,0,0,0,0,0,144.4,72.2,85.0,-57.0,0.0013850415512465,0.002,0.0,0.002,9.8548,0.6303774266262897,10.46,0.0,0.0,0.0,1.0558,1.0500253330277385,2.843,84.8,0.4472135954999571,85.0,0.0012618793948433,0.0002753989539729,0.0013850415512465,-0.4450000000000003,-2.004,0.0,0.0,2026-10-03 14:45:18.409544+00:00,eth0,connected,2.4 GHz,802.11n,11,NORMAL
0.001,2.434,2.435,8.419,0.0,1.02,0,0,0,0,0,0,144.4,72.2,85.0,-57.0,3.3711911357340725,0.4886,1.0880706778513978,2.435,9.6982,0.8806615127277821,10.46,0.0,0.0,0.0,1.234,0.9211080284092702,2.843,85.0,0.0,85.0,0.6753462603878118,1.5070230995171716,3.3711911357340725,-1.596,0.181,0.0,2.4330000000000003,2026-10-03 14:45:23.912185+00:00,eth0,connected,2.4 GHz,802.11n,11,NORMAL
0.001,19.997,19.998,8.591,0.0,0.452,0,0,0,0,0,0,144.4,72.2,85.0,-57.0,27.696675900277008,4.4878,8.734235753630653,19.998,9.5804,0.99877865415716,10.46,0.0,0.0,0.0,1.2230000000000003,0.9322218083696674,2.843,85.0,0.0,85.0,6.214404432132964,12.097279437161568,27.696675900277008,0.1719999999999988,-0.5680000000000001,0.0,17.563000000000002,2026-10-03 14:45:29.329672+00:00,eth0,connected,2.4 GHz,802.11n,11,NORMAL
0.001,20.002,20.003,24.179,0.0,26.91,0,0,0,0,0,0,117.0,72.2,85.0,-57.0,27.70360110803324,8.488,10.556260298988464,20.003,12.3328,6.680773323500801,24.179,0.0,0.0,0.0,6.4128,11.495209380433224,26.91,85.0,0.0,85.0,11.75484764542936,14.620859139873216,27.70360110803324,15.588,26.458,0.0,0.004999999999999,2026-10-03 14:45:34.805340+00:00,eth0,connected,2.4 GHz,802.11n,11,CONGESTED
0.001,19.996,19.997,8.598,0.0,0.282,0,0,0,0,0,0,144.4,72.2,85.0,-57.0,27.69529085872576,12.487,10.322589379608202,20.003,11.9604,6.86073740934602,24.179,0.0,0.0,0.0,5.9006,11.748306763104203,26.91,85.0,0.0,85.0,17.293628808864263,14.297215207213572,27.70360110803324,-15.580999999999998,-26.628,0.0,-0.0060000000000002,2026-10-03 14:45:40.272052+00:00,eth0,connected,2.4 GHz,802.11n,11,NORMAL
0.001,19.995,19.996,8.768,0.0,0.222,0,0,0,0,0,0,130.0,72.2,84.0,-57.0,27.693905817174517,16.4858,7.854636446074386,20.003,11.711,6.970916474897683,24.179,0.0,0.0,0.0,5.777200000000001,11.817798153632513,26.91,84.8,0.4472135954999571,85.0,22.83213296398892,10.878997847748453,27.70360110803324,0.1699999999999999,-0.0599999999999999,0.0,-0.0009999999999976,2026-10-03 14:45:45.631232+00:00,eth0,connected,2.4 GHz,802.11n,11,NORMAL
0.001,20.001,20.002,35.856,0.0,46.417,0,0,0,0,0,0,130.0,72.2,84.0,-57.0,27.702216066481995,19.9992,0.003114482313512,20.003,17.1984,12.40927750918642,35.856,0.0,0.0,0.0,14.8566,21.06790380650149,46.417,84.6,0.5477225575051643,85.0,27.6983379501385,0.0043136874075587,27.70360110803324,27.088,46.195,0.0,0.0060000000000002,2026-10-03 14:45:51.005026+00:00,eth0,connected,2.4 GHz,802.11n,11,CONGESTED
0.002,8.136,8.138,8.939,0.0,0.464,0,0,0,0,0,0,130.0,72.2,84.0,-58.0,11.268698060941826,17.6272,5.304624934903511,20.003,17.268,12.349765240683722,35.856,0.0,0.0,0.0,14.859,21.06585322269193,46.417,84.4,0.5477225575051643,85.0,24.412742382271468,7.3477453579300676,27.70360110803324,-26.917,-45.953,0.0,-11.864000000000004,2026-10-03 14:45:56.611006+00:00,eth0,connected,2.4 GHz,802.11n,11,NORMAL
0.001,0.001,0.002,8.478,0.0,0.491,0,0,0,0,0,0,144.4,130.0,84.0,-58.0,0.0007692307692307,13.627,9.186286409643456,20.002,14.127800000000002,12.147681927018008,35.856,0.0,0.0,0.0,9.5752,20.59551406738856,46.417,84.2,0.4472135954999571,85.0,18.872176006818663,12.72382362512036,27.702216066481995,-0.4610000000000003,0.0269999999999999,0.0,-8.136,2026-10-03 14:46:02.014526+00:00,eth0,connected,2.4 GHz,802.11n,11,NORMAL
0.001,0.001,0.002,9.176,0.0,0.652,0,0,0,0,0,0,117.0,72.2,84.0,-58.0,0.0013850415512465,9.628,10.033134505228167,20.002,14.2434,12.084489265169626,35.856,0.0,0.0,0.0,9.6492,20.55439947310551,46.417,84.0,0.0,84.0,13.333394843383765,13.896507318886394,27.702216066481995,0.6980000000000004,0.161,0.0,0.0,2026-10-03 14:46:07.453170+00:00,eth0,connected,2.4 GHz,802.11n,11,NORMAL
0.001,0.001,0.002,8.593,0.0,0.146,0,0,0,0,0,0,130.0,72.2,85.0,-58.0,0.0013850415512465,5.6292,8.773078091525234,20.002,14.2084,12.104548868090868,35.856,0.0,0.0,0.0,9.634,20.56313999611927,46.417,84.2,0.4472135954999571,85.0,7.794890688259109,12.151077433725586,27.702216066481995,-0.5830000000000002,-0.506,0.0,0.0,2026-10-03 14:46:12.886893+00:00,eth0,connected,2.4 GHz,802.11n,11,NORMAL
0.001,0.001,0.002,8.792,0.0,0.382,0,0,0,0,0,0,144.4,72.2,85.0,-58.0,0.0013850415512465,1.6291999999999998,3.638529812987656,8.138,8.7956,0.2771268662545376,9.176,0.0,0.0,0.0,0.4269999999999999,0.1851188807223462,0.652,84.4,0.5477225575051643,85.0,2.2547244832729594,5.038964423819093,11.268698060941826,0.1989999999999998,0.236,0.0,0.0,2026-10-03 14:46:18.259908+00:00,eth0,connected,2.4 GHz,802.11n,11,NORMAL
0.001,0.001,0.002,8.891,0.0,0.455,0,0,0,0,0,0,144.4,72.2,85.0,-58.0,0.0013850415512465,0.002,0.0,0.002,8.786,0.2716956017311664,9.176,0.0,0.0,0.0,0.4251999999999999,0.1847124792749375,0.652,84.6,0.5477225575051643,85.0,0.0012618793948433,0.0002753990156162,0.0013850415512465,0.0990000000000002,0.073,0.0,0.0,2026-10-03 14:46:23.749203+00:00,eth0,connected,2.4 GHz,802.11n,11,NORMAL
0.001,0.001,0.002,9.574,0.0,0.906,0,0,0,0,0,0,144.4,72.2,85.0,-58.0,0.0013850415512465,0.002,0.0,0.002,9.005199999999999,0.3811531188381595,9.574,0.0,0.0,0.0,0.5082,0.2867354181120542,0.906,84.8,0.4472135954999571,85.0,0.0013850415512465,1.842644944128661e-07,0.0013850415512465,0.6829999999999998,0.451,0.0,0.0,2026-10-03 14:46:29.241128+00:00,eth0,connected,2.4 GHz,802.11n,11,NORMAL
0.001,0.001,0.002,9.913,0.0,0.813,0,0,0,0,0,0,144.4,72.2,85.0,-58.0,0.0013850415512465,0.002,0.0,0.002,9.1526,0.5628954609872544,9.913,0.0,0.0,0.0,0.5404,0.3146065797148792,0.906,85.0,0.0,85.0,0.0013850415512465,1.842644944128661e-07,0.0013850415512465,0.3390000000000004,-0.093,0.0,0.0,2026-10-03 14:46:34.742344+00:00,eth0,connected,2.4 GHz,802.11n,11,NORMAL
0.001,0.001,0.002,9.313,0.0,0.234,0,0,0,0,0,0,144.4,72.2,85.0,-58.0,0.0013850415512465,0.002,0.0,0.002,9.296600000000002,0.4680548044834615,9.913,0.0,0.0,0.0,0.558,0.2883964285491322,0.906,85.0,0.0,85.0,0.0013850415512465,1.842644944128661e-07,0.0013850415512465,-0.5999999999999996,-0.579,0.0,0.0,2026-10-03 14:46:40.157537+00:00,eth0,connected,2.4 GHz,802.11n,11,NORMAL
0.001,0.001,0.002,8.99,0.0,0.336,0,0,0,0,0,0,144.4,72.2,85.0,-58.0,0.0013850415512465,0.002,0.0,0.002,9.3362,0.4206669704172775,9.913,0.0,0.0,0.0,0.5488,0.2960467868427129,0.906,85.0,0.0,85.0,0.0013850415512465,1.842644944128661e-07,0.0013850415512465,-0.3230000000000004,0.102,0.0,0.0,2026-10-03 14:46:45.596255+00:00,eth0,connected,2.4 GHz,802.11n,11,NORMAL
0.001,0.001,0.002,10.385,0.0,1.095,0,0,0,0,0,0,144.4,72.2,85.0,-58.0,0.0013850415512465,0.002,0.0,0.002,9.635,0.5392619956941573,10.385,0.0,0.0,0.0,0.6768,0.3735608384184498,1.095,85.0,0.0,85.0,0.0013850415512465,1.842644944128661e-07,0.0013850415512465,1.3949999999999996,0.7589999999999999,0.0,0.0,2026-10-03 14:46:51.051360+00:00,eth0,connected,2.4 GHz,802.11n,11,NORMAL
0.001,0.001,0.002,8.764,0.0,0.252,0,0,0,0,0,0,117.0,72.2,84.0,-58.0,0.0013850415512465,0.002,0.0,0.002,9.473,0.6683775130867646,10.385,0.0,0.0,0.0,0.5459999999999999,0.3874822576581987,1.095,84.8,0.4472135954999571,85.0,0.0013850415512465,1.842644944128661e-07,0.0013850415512465,-1.6210000000000004,-0.843,0.0,0.0,2026-10-03 14:46:56.424679+00:00,eth0,connected,2.4 GHz,802.11n,11,NORMAL
0.001,0.001,0.002,9.358,0.0,0.779,0,0,0,0,0,0,117.0,72.2,84.0,-58.0,0.0013850415512465,0.002,0.0,0.002,9.362,0.621476870044292,10.385,0.0,0.0,0.0,0.5392,0.3818830972953564,1.095,84.6,0.5477225575051643,85.0,0.0013850415512465,1.842644944128661e-07,0.0013850415512465,0.5940000000000012,0.527,0.0,0.0,2026-10-03 14:47:01.801795+00:00,eth0,connected,2.4 GHz,802.11n,11,NORMAL
0.001,0.001,0.002,9.957,0.0,0.638,0,0,0,0,0,0,144.4,72.2,85.0,-58.0,0.0013850415512465,0.002,0.0,0.002,9.490799999999998,0.6733518396797088,10.385,0.0,0.0,0.0,0.62,0.3418003803390144,1.095,84.6,0.5477225575051643,85.0,0.0013850415512465,1.842644944128661e-07,0.0013850415512465,0.5990000000000002,-0.141,0.0,0.0,2026-10-03 14:47:07.177657+00:00,eth0,connected,2.4 GHz,802.11n,11,NORMAL
0.001,0.001,0.002,8.737,0.0,0.112,0,0,0,0,0,0,144.4,72.2,85.0,-58.0,0.0013850415512465,0.002,0.0,0.002,9.4402,0.727705778457234,10.385,0.0,0.0,0.0,0.5752,0.3983349093412411,1.095,84.6,0.5477225575051643,85.0,0.0013850415512465,1.842644944128661e-07,0.0013850415512465,-1.2200000000000006,-0.526,0.0,0.0,2026-10-03 14:47:12.587115+00:00,eth0,connected,2.4 GHz,802.11n,11,NORMAL
0.001,0.001,0.002,8.794,0.0,0.55,0,0,0,0,0,0,144.4,72.2,85.0,-58.0,0.0013850415512465,0.002,0.0,0.002,9.122000000000002,0.5331261576775745,9.957,0.0,0.0,0.0,0.4662,0.2764601237066467,0.779,84.6,0.5477225575051643,85.0,0.0013850415512465,1.842644944128661e-07,0.0013850415512465,0.0570000000000003,0.438,0.0,0.0,2026-10-03 14:47:18.018285+00:00,eth0,connected,2.4 GHz,802.11n,11,NORMAL
0.001,0.001,0.002,8.296,0.0,0.26,0,0,0,0,0,0,144.4,72.2,85.0,-58.0,0.0013850415512465,0.002,0.0,0.002,9.0284,0.6417166820334778,9.957,0.0,0.0,0.0,0.4678,0.2749294454944657,0.779,84.8,0.4472135954999571,85.0,0.0013850415512465,1.842644944128661e-07,0.0013850415512465,-0.4980000000000011,-0.29,0.0,0.0,2026-10-03 14:47:23.383991+00:00,eth0,connected,2.4 GHz,802.11n,11,NORMAL
0.001,0.001,0.002,8.768,0.0,0.387,0,0,0,0,0,0,130.0,72.2,85.0,-58.0,0.0013850415512465,0.002,0.0,0.002,8.910400000000001,0.619829250681232,9.957,0.0,0.0,0.0,0.3894,0.2128938702731812,0.638,85.0,0.0,85.0,0.0013850415512465,1.842644944128661e-07,0.0013850415512465,0.4720000000000013,0.127,0.0,0.0,2026-10-03 14:47:28.780574+00:00,eth0,connected,2.4 GHz,802.11n,11,NORMAL
0.001,0.001,0.002,8.67,0.0,0.371,0,0,0,0,0,0,130.0,72.2,85.0,-58.0,0.0013850415512465,0.002,0.0,0.002,8.653,0.2048780124856271,8.794,0.0,0.0,0.0,0.336,0.1624607644937507,0.55,85.0,0.0,85.0,0.0013850415512465,1.842644944128661e-07,0.0013850415512465,-0.0980000000000007,-0.016,0.0,0.0,2026-10-03 14:47:34.163945+00:00,eth0,connected,2.4 GHz,802.11n,11,NORMAL
0.001,0.001,0.002,8.922,0.0,0.726,0,0,0,0,0,0,144.4,72.2,85.0,-58.0,0.0013850415512465,0.002,0.0,0.002,8.690000000000001,0.2378865275715723,8.922,0.0,0.0,0.0,0.4588,0.1817269930414696,0.726,85.0,0.0,85.0,0.0013850415512465,1.842644944128661e-07,0.0013850415512465,0.2520000000000006,0.355,0.0,0.0,2026-10-03 14:47:39.662562+00:00,eth0,connected,2.4 GHz,802.11n,11,NORMAL
0.001,0.001,0.002,8.512,0.0,0.197,0,0,0,0,0,0,144.4,72.2,85.0,-58.0,0.0013850415512465,0.002,0.0,0.002,8.6336,0.2404803526279454,8.922,0.0,0.0,0.0,0.3882,0.2045719922176399,0.726,85.0,0.0,85.0,0.0013850415512465,1.842644944128661e-07,0.0013850415512465,-0.4100000000000001,-0.5289999999999999,0.0,0.0,2026-10-03 14:47:45.236751+00:00,eth0,connected,2.4 GHz,802.11n,11,NORMAL
0.001,0.001,0.002,11.023,0.0,4.532,0,0,0,0,0,0,144.4,72.2,85.0,-58.0,0.0013850415512465,0.002,0.0,0.002,9.178999999999998,1.0415464463959605,11.023,0.0,0.0,0.0,1.2426,1.8487864398031204,4.532,85.0,0.0,85.0,0.0013850415512465,1.842644944128661e-07,0.0013850415512465,2.5109999999999992,4.335,0.0,0.0,2026-10-03 14:47:50.687718+00:00,eth0,connected,2.4 GHz,802.11n,11,NORMAL
0.0,0.0,0.0,8.712,0.0,0.141,0,0,0,0,0,0,117.0,72.2,84.0,-58.0,0.0,0.0016,0.0008944271909999,0.002,9.1678,1.0473558134655352,11.023,0.0,0.0,0.0,1.1934,1.8802535201402752,4.532,84.8,0.4472135954999571,85.0,0.0011080332409972,0.000619409439457,0.0013850415512465,-2.311,-4.391,0.0,-0.002,2026-10-03 14:47:54.179662+00:00,eth0,connected,2.4 GHz,802.11n,11,NORMAL
0.001,0.001,0.002,8.44,0.0,0.36,0,0,0,0,0,0,117.0,72.2,84.0,-58.0,0.0013850415512465,0.0016,0.0008944271909999,0.002,9.1218,1.0792502953439735,11.023,0.0,0.0,0.0,1.1912,1.88146238336032,4.532,84.6,0.5477225575051643,85.0,0.0011080332409972,0.000619409439457,0.0013850415512465,-0.2720000000000002,0.219,0.0,0.002,2026-10-03 14:47:56.052990+00:00,eth0,connected,2.4 GHz,802.11n,11,NORMAL
0.002,0.002,0.004,8.699,0.0,0.296,0,0,0,0,0,0,144.4,72.2,84.0,-58.0,0.002770083102493,0.002,0.001414213562373,0.004,9.0772,1.094077099659825,11.023,0.0,0.0,0.0,1.1052,1.9175241067584772,4.532,84.4,0.5477225575051643,85.0,0.0013850415512465,0.0009793722904458,0.002770083102493,0.2590000000000003,-0.064,0.0,0.002,2026-10-03 14:47:59.564072+00:00,eth0,connected,2.4 GHz,802.11n,11,NORMAL
0.002,0.002,0.004,8.844,0.0,0.132,0,0,0,0,0,0,144.4,72.2,84.0,-58.0,0.002770083102493,0.0024,0.0016733200530681,0.004,9.1436,1.060766845258681,11.023,0.0,0.0,0.0,1.0922,1.9254246804276445,4.532,84.2,0.4472135954999571,85.0,0.0016620498614958,0.0011588089156672,0.002770083102493,0.1449999999999995,-0.1639999999999999,0.0,0.0,2026-10-03 14:48:01.404664+00:00,eth0,connected,2.4 GHz,802.11n,11,NORMAL
0.001,0.001,0.002,10.042,0.0,0.845,0,0,0,0,0,0,144.4,72.2,84.0,-58.0,0.0013850415512465,0.0024,0.0016733200530681,0.004,8.947399999999998,0.6291683399536699,10.042,0.0,0.0,0.0,0.3548,0.2911746898339424,0.845,84.0,0.0,84.0,0.0016620498614958,0.0011588089156672,0.002770083102493,1.1980000000000004,0.713,0.0,-0.002,2026-10-03 14:48:04.984282+00:00,eth0,connected,2.4 GHz,802.11n,11,NORMAL
0.001,0.001,0.002,8.615,0.0,0.104,0,0,0,0,0,0,144.4,72.2,84.0,-58.0,0.0013850415512465,0.0028,0.0010954451150103,0.004,8.928,0.6396495134056283,10.042,0.0,0.0,0.0,0.3474,0.2983484539927977,0.845,84.0,0.0,84.0,0.0019390581717451,0.0007586185230791,0.002770083102493,-1.4269999999999996,-0.741,0.0,0.0,2026-10-03 14:48:06.781986+00:00,eth0,connected,2.4 GHz,802.11n,11,NORMAL
0.001,0.001,0.002,8.558,0.0,0.261,0,0,0,0,0,0,144.4,72.2,84.0,-58.0,0.0013850415512465,0.0028,0.0010954451150103,0.004,8.951600000000001,0.618986510353866,10.042,0.0,0.0,0.0,0.3276,0.3005799394502108,0.845,84.0,0.0,84.0,0.0019390581717451,0.0007586185230791,0.002770083102493,-0.0570000000000003,0.157,0.0,0.0,2026-10-03 14:48:10.366725+00:00,eth0,connected,2.4 GHz,802.11n,11,NORMAL
0.001,0.001,0.002,8.76,0.0,0.255,0,0,0,0,0,0,144.4,72.2,84.0,-58.0,0.0013850415512465,0.0024,0.0008944271909999,0.004,8.963799999999999,0.6133385688182804,10.042,0.0,0.0,0.0,0.3194,0.302212342567097,0.845,84.0,0.0,84.0,0.0016620498614958,0.0006194094394583,0.002770083102493,0.2019999999999999,-0.006,0.0,0.0,2026-10-03 14:48:12.165202+00:00,eth0,connected,2.4 GHz,802.11n,11,NORMAL
0.002,0.002,0.004,9.274,0.0,0.734,0,0,0,0,0,0,144.4,72.2,84.0,-58.0,0.002770083102493,0.0024,0.0008944271909999,0.004,9.0498,0.6224204366825172,10.042,0.0,0.0,0.0,0.4397999999999999,0.3277280885122496,0.845,84.0,0.0,84.0,0.0016620498614958,0.0006194094394583,0.002770083102493,0.5139999999999993,0.479,0.0,0.002,2026-10-03 14:48:15.765773+00:00,eth0,connected,2.4 GHz,802.11n,11,NORMAL
0.002,0.002,0.004,8.773,0.0,0.437,0,0,0,0,0,0,117.0,72.2,84.0,-58.0,0.002770083102493,0.0028,0.0010954451150103,0.004,8.796,0.2827162888834996,9.274,0.0,0.0,0.0,0.3581999999999999,0.2409101492255827,0.734,84.0,0.0,84.0,0.0019390581717451,0.0007586185230791,0.002770083102493,-0.5009999999999994,-0.297,0.0,0.0,2026-10-03 14:48:17.533698+00:00,eth0,connected,2.4 GHz,802.11n,11,NORMAL
0.001,0.001,0.002,8.393,0.0,1.084,0,0,0,0,0,0,144.4,72.2,84.0,-58.0,0.0013850415512465,0.0028,0.0010954451150103,0.004,8.7516,0.3314759418118588,9.274,0.0,0.0,0.0,0.5542,0.3543440418574769,1.084,84.0,0.0,84.0,0.0019390581717451,0.0007586185230791,0.002770083102493,-0.379999999999999,0.647,0.0,-0.002,2026-10-03 14:48:21.159233+00:00,eth0,connected,2.4 GHz,802.11n,11,NORMAL
0.001,0.001,0.002,9.355,0.0,0.462,0,0,0,0,0,0,144.4,72.2,84.0,-58.0,0.0013850415512465,0.0028,0.0010954451150103,0.004,8.911,0.3997105202519155,9.355,0.0,0.0,0.0,0.5944,0.3227588883360046,1.084,84.0,0.0,84.0,0.0019390581717451,0.0007586185230791,0.002770083102493,0.9619999999999996,-0.6220000000000001,0.0,0.0,2026-10-03 14:48:22.952120+00:00,eth0,connected,2.4 GHz,802.11n,11,NORMAL
0.001,0.001,0.002,8.633,0.0,0.37,0,0,0,0,0,0,144.4,72.2,84.0,-58.0,0.0013850415512465,0.0028,0.0010954451150103,0.004,8.8856,0.4154308606736592,9.355,0.0,0.0,0.0,0.6174,0.2954704722978146,1.084,84.0,0.0,84.0,0.0019390581717451,0.0007586185230791,0.002770083102493,-0.7220000000000013,-0.092,0.0,0.0,2026-10-03 14:48:26.658829+00:00,eth0,connected,2.4 GHz,802.11n,11,NORMAL
0.001,0.001,0.002,8.424,0.0,0.231,0,0,0,0,0,0,144.4,72.2,84.0,-58.0,0.0013850415512465,0.0024,0.0008944271909999,0.004,8.715599999999998,0.3898881891004895,9.355,0.0,0.0,0.0,0.5168,0.3295143395967665,1.084,84.0,0.0,84.0,0.0016620498614958,0.0006194094394583,0.002770083102493,-0.2089999999999996,-0.1389999999999999,0.0,0.0,2026-10-03 14:48:28.342476+00:00,eth0,connected,2.4 GHz,802.11n,11,NORMAL
0.001,0.001,0.002,8.712,0.0,0.347,0,0,0,0,0,0,117.0,72.2,84.0,-58.0,0.0013850415512465,0.002,0.0,0.002,8.7034,0.3885952907589839,9.355,0.0,0.0,0.0,0.4988,0.3373287713787442,1.084,84.0,0.0,84.0,0.0013850415512465,1.842644935150473e-07,0.0013850415512465,0.2880000000000002,0.1159999999999999,0.0,0.0,2026-10-03 14:48:32.027970+00:00,eth0,connected,2.4 GHz,802.11n,11,NORMAL
0.001,0.001,0.002,8.736,0.0,1.344,0,0,0,0,0,0,117.0,72.2,84.0,-58.0,0.0013850415512465,0.002,0.0,0.002,8.772,0.3482850843778107,9.355,0.0,0.0,0.0,0.5508,0.4509841460626896,1.344,84.0,0.0,84.0,0.0013850415512465,1.842644935150473e-07,0.0013850415512465,0.0240000000000009,0.997,0.0,0.0,2026-10-03 14:48:33.759949+00:00,eth0,connected,2.4 GHz,802.11n,11,NORMAL
0.001,0.001,0.002,9.749,0.0,1.157,0,0,0,0,0,0,144.4,72.2,84.0,-58.0,0.0013850415512465,0.002,0.0,0.002,8.8508,0.5169145964277448,9.749,0.0,0.0,0.0,0.6898,0.5187809749787419,1.344,84.0,0.0,84.0,0.0013850415512465,1.842644935150473e-07,0.0013850415512465,1.013,-0.187,0.0,0.0,2026-10-03 14:48:37.420475+00:00,eth0,connected,2.4 GHz,802.11n,11,NORMAL
0.002,0.002,0.004,9.552,0.0,0.818,0,0,0,0,0,0,144.4,72.2,84.0,-58.0,0.002770083102493,0.0024,0.0008944271909999,0.004,9.0346,0.5796842243843252,9.749,0.0,0.0,0.0,0.7794000000000001,0.4874826150745217,1.344,84.0,0.0,84.0,0.0016620498614958,0.0006194094394583,0.002770083102493,-0.1970000000000009,-0.3390000000000001,0.0,0.002,2026-10-03 14:48:39.134197+00:00,eth0,connected,2.4 GHz,802.11n,11,NORMAL
0.002,0.002,0.004,9.415,0.0,0.723,0,0,0,0,0,0,144.4,72.2,84.0,-58.0,0.002770083102493,0.0028,0.0010954451150103,0.004,9.2328,0.4794764853463149,9.749,0.0,0.0,0.0,0.8777999999999999,0.3887746133685875,1.344,84.0,0.0,84.0,0.0019390581717451,0.0007586185230791,0.002770083102493,-0.1370000000000004,-0.0949999999999999,0.0,0.0,2026-10-03 14:48:42.807153+00:00,eth0,connected,2.4 GHz,802.11n,11,NORMAL
0.002,0.002,0.004,21.534,0.0,21.562,0,0,0,0,0,0,144.4,72.2,84.0,-58.0,0.002770083102493,0.0032,0.0010954451150103,0.004,11.7972,5.456352783682525,21.534,0.0,0.0,0.0,5.1208,9.194342265763218,21.562,84.0,0.0,84.0,0.0022160664819944,0.0007586185230797,0.002770083102493,12.119,20.839,0.0,0.0,2026-10-03 14:48:44.536759+00:00,eth0,connected,2.4 GHz,802.11n,11,CONGESTED
0.001,0.001,0.002,8.819,0.0,0.419,0,0,0,0,0,0,144.4,72.2,84.0,-58.0,0.0013850415512465,0.0032,0.0010954451150103,0.004,11.8138,5.4448254058325904,21.534,0.0,0.0,0.0,4.9358,9.298054887985977,21.562,84.0,0.0,84.0,0.0022160664819944,0.0007586185230797,0.002770083102493,-12.714999999999998,-21.143,0.0,-0.002,2026-10-03 14:48:48.184475+00:00,eth0,connected,2.4 GHz,802.11n,11,NORMAL
0.001,0.001,0.002,8.743,0.0,0.425,0,0,0,0,0,0,144.4,72.2,84.0,-58.0,0.0013850415512465,0.0032,0.0010954451150103,0.004,11.6126,5.557618671697441,21.534,0.0,0.0,0.0,4.7894000000000005,9.37784785011998,21.562,84.0,0.0,84.0,0.0022160664819944,0.0007586185230797,0.002770083102493,-0.0760000000000005,0.006,0.0,0.0,2026-10-03 14:48:49.952930+00:00,eth0,connected,2.4 GHz,802.11n,11,NORMAL
0.001,0.001,0.002,8.843,0.0,0.191,0,0,0,0,0,0,144.4,72.2,84.0,-58.0,0.0013850415512465,0.0028,0.0010954451150103,0.004,11.4708,5.631886380245969,21.534,0.0,0.0,0.0,4.664000000000001,9.44815802154049,21.562,84.0,0.0,84.0,0.0019390581717451,0.0007586185230791,0.002770083102493,0.0999999999999996,-0.2339999999999999,0.0,0.0,2026-10-03 14:48:53.552477+00:00,eth0,connected,2.4 GHz,802.11n,11,NORMAL
0.001,0.001,0.002,8.736,0.0,0.131,0,0,0,0,0,0,144.4,72.2,84.0,-58.0,0.0013850415512465,0.0024,0.0008944271909999,0.004,11.335,5.7016047302492,21.534,0.0,0.0,0.0,4.5456,9.513375783600685,21.562,84.0,0.0,84.0,0.0016620498614958,0.0006194094394583,0.002770083102493,-0.1069999999999993,-0.06,0.0,0.0,2026-10-03 14:48:55.348839+00:00,eth0,connected,2.4 GHz,802.11n,11,NORMAL
0.001,0.002,0.003,9.16,0.0,0.391,0,0,0,0,0,0,117.0,72.2,84.0,-58.0,0.002770083102493,0.0021999999999999,0.0004472135954999,0.003,8.8602,0.1739502802529135,9.16,0.0,0.0,0.0,0.3114,0.1395163072901536,0.425,84.0,0.0,84.0,0.0016620498614958,0.0006194094394583,0.002770083102493,0.4239999999999995,0.26,0.0,0.001,2026-10-03 14:48:58.933659+00:00,eth0,connected,2.4 GHz,802.11n,11,NORMAL
0.002,0.002,0.004,9.055,0.0,0.467,0,0,0,0,0,0,117.0,72.2,84.0,-58.0,0.002770083102493,0.0026,0.0008944271909999,0.004,8.907399999999999,0.1911447095790696,9.16,0.0,0.0,0.0,0.321,0.1500266642963192,0.467,84.0,0.0,84.0,0.0019390581717451,0.0007586185230791,0.002770083102493,-0.1050000000000004,0.076,0.0,0.001,2026-10-03 14:49:00.743327+00:00,eth0,connected,2.4 GHz,802.11n,11,NORMAL
0.002,0.001,0.003,8.916,0.0,0.345,0,0,0,0,0,0,144.4,72.2,84.0,-58.0,0.0013850415512465,0.0028,0.000836660026534,0.004,8.941999999999998,0.1682304966409677,9.16,0.0,0.0,0.0,0.305,0.140099964310775,0.467,84.0,0.0,84.0,0.0019390581717451,0.0007586185230791,0.002770083102493,-0.1389999999999993,-0.122,0.0,-0.001,2026-10-03 14:49:04.282012+00:00,eth0,connected,2.4 GHz,802.11n,11,NORMAL
0.001,0.001,0.002,9.116,0.0,0.255,0,0,0,0,0,0,144.4,72.2,84.0,-58.0,0.0013850415512465,0.0028,0.000836660026534,0.004,8.9966,0.1723188904330176,9.16,0.0,0.0,0.0,0.3177999999999999,0.1296117278639571,0.467,84.0,0.0,84.0,0.0019390581717451,0.0007586185230791,0.002770083102493,0.1999999999999993,-0.0899999999999999,0.0,-0.001,2026-10-03 14:49:06.178478+00:00,eth0,connected,2.4 GHz,802.11n,11,NORMAL
0.001,0.001,0.002,8.778,0.0,0.361,0,0,0,0,0,0,144.4,72.2,84.0,-58.0,0.0013850415512465,0.0028,0.000836660026534,0.004,9.004999999999999,0.1567609645290124,9.16,0.0,0.0,0.0,0.3638,0.0767932288673984,0.467,84.0,0.0,84.0,0.0019390581717451,0.0007586185230791,0.002770083102493,-0.3379999999999992,0.1059999999999999,0.0,0.0,2026-10-03 14:49:09.675679+00:00,eth0,connected,2.4 GHz,802.11n,11,NORMAL
0.001,0.001,0.002,9.505,0.0,1.093,0,0,0,0,0,0,144.4,72.2,84.0,-58.0,0.0013850415512465,0.0026,0.0008944271909999,0.004,9.074000000000002,0.2740738951452076,9.505,0.0,0.0,0.0,0.5042,0.3376465607701063,1.093,84.0,0.0,84.0,0.0016620498614958,0.0006194094394583,0.002770083102493,0.7270000000000003,0.732,0.0,0.0,2026-10-03 14:49:11.591932+00:00,eth0,connected,2.4 GHz,802.11n,11,NORMAL
0.001,0.001,0.002,9.674,0.0,0.359,0,0,0,0,0,0,144.4,72.2,84.0,-58.0,0.0013850415512465,0.0022,0.0004472135954999,0.003,9.1978,0.3819269563673992,9.674,0.0,0.0,0.0,0.4826,0.3440156973160979,1.093,84.0,0.0,84.0,0.0013850415512465,1.842644935150473e-07,0.0013850415512465,0.1689999999999987,-0.734,0.0,0.0,2026-10-03 14:49:15.050823+00:00,eth0,connected,2.4 GHz,802.11n,11,NORMAL
0.001,0.001,0.002,9.607,0.0,0.405,0,0,0,0,0,0,130.0,72.2,84.0,-58.0,0.0013850415512465,0.002,0.0,0.002,9.336000000000002,0.3794766132452227,9.674,0.0,0.0,0.0,0.4946,0.3390262526706171,1.093,84.0,0.0,84.0,0.0013850415512465,1.842644935150473e-07,0.0013850415512465,-0.0670000000000001,0.046,0.0,0.0,2026-10-03 14:49:16.962296+00:00,eth0,connected,2.4 GHz,802.11n,11,NORMAL
0.002,0.002,0.004,9.097,0.0,0.431,0,0,0,0,0,0,130.0,72.2,84.0,-58.0,0.002770083102493,0.0024,0.0008944271909999,0.004,9.3322,0.3823149225443135,9.674,0.0,0.0,0.0,0.5297999999999999,0.3163055484810237,1.093,84.0,0.0,84.0,0.0016620498614958,0.0006194094394583,0.002770083102493,-0.5099999999999998,0.0259999999999999,0.0,0.002,2026-10-03 14:49:20.460109+00:00,eth0,connected,2.4 GHz,802.11n,11,NORMAL
0.001,0.001,0.002,9.147,0.0,0.115,0,0,0,0,0,0,117.0,72.2,84.0,-58.0,0.0013850415512465,0.0024,0.0008944271909999,0.004,9.406,0.2667339498452796,9.674,0.0,0.0,0.0,0.4806,0.3645748208528409,1.093,84.0,0.0,84.0,0.0016620498614958,0.0006194094394583,0.002770083102493,0.0500000000000007,-0.316,0.0,-0.002,2026-10-03 14:49:22.384812+00:00,eth0,connected,2.4 GHz,802.11n,11,NORMAL
0.001,0.001,0.002,9.203,0.0,0.548,0,0,0,0,0,0,117.0,72.2,84.0,-58.0,0.0013850415512465,0.0024,0.0008944271909999,0.004,9.3456,0.2728347485201703,9.674,0.0,0.0,0.0,0.3716,0.1595017241282383,0.548,84.0,0.0,84.0,0.0016620498614958,0.0006194094394583,0.002770083102493,0.0559999999999991,0.433,0.0,0.0,2026-10-03 14:49:25.826253+00:00,eth0,connected,2.4 GHz,802.11n,11,NORMAL
0.001,0.001,0.002,9.943,0.0,0.545,0,0,0,0,0,0,144.4,72.2,85.0,-58.0,0.0013850415512465,0.0024,0.0008944271909999,0.004,9.3994,0.3648024122728138,9.943,0.0,0.0,0.0,0.4088,0.1766018119948965,0.548,84.2,0.4472135954999571,85.0,0.0016620498614958,0.0006194094394583,0.002770083102493,0.7400000000000002,-0.003,0.0,0.0,2026-10-03 14:49:27.806378+00:00,eth0,connected,2.4 GHz,802.11n,11,NORMAL
0.001,0.001,0.002,8.859,0.0,0.237,0,0,0,0,0,0,144.4,72.2,85.0,-58.0,0.0013850415512465,0.0024,0.0008944271909999,0.004,9.2498,0.4090711429569008,9.943,0.0,0.0,0.0,0.3752,0.1927490596601723,0.548,84.4,0.5477225575051643,85.0,0.0016620498614958,0.0006194094394583,0.002770083102493,-1.0839999999999996,-0.308,0.0,0.0,2026-10-03 14:49:31.199433+00:00,eth0,connected,2.4 GHz,802.11n,11,NORMAL
0.001,0.001,0.002,8.515,0.0,0.306,0,0,0,0,0,0,144.4,72.2,85.0,-58.0,0.0013850415512465,0.002,0.0,0.002,9.1334,0.5287237463932047,9.943,0.0,0.0,0.0,0.3502,0.191806412822618,0.548,84.6,0.5477225575051643,85.0,0.0013850415512465,1.842644935150473e-07,0.0013850415512465,-0.3439999999999994,0.069,0.0,0.0,2026-10-03 14:49:33.183826+00:00,eth0,connected,2.4 GHz,802.11n,11,NORMAL
0.001,0.001,0.002,9.308,0.0,0.959,0,0,0,0,0,0,117.0,72.2,85.0,-58.0,0.0013850415512465,0.002,0.0,0.002,9.1656,0.5346286561718009,9.943,0.0,0.0,0.0,0.5189999999999999,0.2828471318572653,0.959,84.8,0.4472135954999571,85.0,0.0013850415512465,1.842644935150473e-07,0.0013850415512465,0.7929999999999993,0.653,0.0,0.0,2026-10-03 14:49:36.533964+00:00,eth0,connected,2.4 GHz,802.11n,11,NORMAL
0.001,0.001,0.002,8.807,0.0,0.445,0,0,0,0,0,0,117.0,72.2,85.0,-58.0,0.0013850415512465,0.002,0.0,0.002,9.0864,0.5565840457649376,9.943,0.0,0.0,0.0,0.4984,0.2839556303366445,0.959,85.0,0.0,85.0,0.0013850415512465,1.842644935150473e-07,0.0013850415512465,-0.5009999999999994,-0.514,0.0,0.0,2026-10-03 14:49:38.571847+00:00,eth0,connected,2.4 GHz,802.11n,11,NORMAL
0.001,0.001,0.002,9.884,0.0,1.767,0,0,0,0,0,0,117.0,72.2,85.0,-58.0,0.0013850415512465,0.002,0.0,0.002,9.0746,0.5340527127541498,9.884,0.0,0.0,0.0,0.7428,0.6385610385858833,1.767,85.0,0.0,85.0,0.0013850415512465,1.842644935150473e-07,0.0013850415512465,1.077,1.3219999999999998,0.0,0.0,2026-10-03 14:49:41.901008+00:00,eth0,connected,2.4 GHz,802.11n,11,NORMAL
0.002,0.002,0.004,8.869,0.0,1.095,0,0,0,0,0,0,117.0,72.2,85.0,-58.0,0.002770083102493,0.0024,0.0008944271909999,0.004,9.0766,0.533061253516016,9.884,0.0,0.0,0.0,0.9144,0.5813818022606854,1.767,85.0,0.0,85.0,0.0016620498614958,0.0006194094394583,0.002770083102493,-1.0150000000000006,-0.6719999999999999,0.0,0.002,2026-10-03 14:49:43.950709+00:00,eth0,connected,2.4 GHz,802.11n,11,NORMAL
0.002,0.002,0.004,9.119,0.0,1.089,0,0,0,0,0,0,117.0,72.2,85.0,-58.0,0.002770083102493,0.0028,0.0010954451150103,0.004,9.1974,0.4330292137951731,9.884,0.0,0.0,0.0,1.071,0.4716290915538219,1.767,85.0,0.0,85.0,0.0019390581717451,0.0007586185230791,0.002770083102493,0.25,-0.006,0.0,0.0,2026-10-03 14:49:47.324683+00:00,eth0,connected,2.4 GHz,802.11n,11,NORMAL
0.001,0.001,0.002,8.957,0.0,0.803,0,0,0,0,0,0,117.0,72.2,85.0,-58.0,0.0013850415512465,0.0028,0.0010954451150103,0.004,9.1272,0.4390264228950986,9.884,0.0,0.0,0.0,1.0398,0.4858365980449426,1.767,85.0,0.0,85.0,0.0019390581717451,0.0007586185230791,0.002770083102493,-0.161999999999999,-0.2859999999999999,0.0,-0.002,2026-10-03 14:49:49.297387+00:00,eth0,connected,2.4 GHz,802.11n,11,NORMAL
0.001,0.001,0.002,8.934,0.0,0.135,0,0,0,0,0,0,117.0,72.2,85.0,-58.0,0.0013850415512465,0.0028,0.0010954451150103,0.004,9.1526,0.4190910402288099,9.884,0.0,0.0,0.0,0.9778,0.5894499130544366,1.767,85.0,0.0,85.0,0.0019390581717451,0.0007586185230791,0.002770083102493,-0.0230000000000014,-0.668,0.0,0.0,2026-10-03 14:49:52.795964+00:00,eth0,connected,2.4 GHz,802.11n,11,NORMAL
0.001,0.001,0.002,11.74,0.0,4.132,0,0,0,0,0,0,144.4,72.2,85.0,-58.0,0.0013850415512465,0.0028,0.0010954451150103,0.004,9.5238,1.2423057997128022,11.74,0.0,0.0,0.0,1.4508,1.5489755324083994,4.132,85.0,0.0,85.0,0.0019390581717451,0.0007586185230791,0.002770083102493,2.806000000000001,3.997,0.0,0.0,2026-10-03 14:49:54.660451+00:00,eth0,connected,2.4 GHz,802.11n,11,NORMAL
0.001,0.001,0.002,8.98,0.0,0.547,0,0,0,0,0,0,144.4,72.2,85.0,-58.0,0.0013850415512465,0.0024,0.0008944271909999,0.004,9.546,1.2285953361461472,11.74,0.0,0.0,0.0,1.3412,1.5990232018328825,4.132,85.0,0.0,85.0,0.0016620498614958,0.0006194094394583,0.002770083102493,-2.76,-3.5849999999999995,0.0,0.0,2026-10-03 14:49:58.206053+00:00,eth0,connected,2.4 GHz,802.11n,11,NORMAL
0.001,0.001,0.002,9.025,0.0,0.377,0,0,0,0,0,0,144.4,72.2,85.0,-58.0,0.0013850415512465,0.002,0.0,0.002,9.5272,1.2374500798012276,11.74,0.0,0.0,0.0,1.1988,1.657723499260321,4.132,85.0,0.0,85.0,0.0013850415512465,1.842644935150473e-07,0.0013850415512465,0.0449999999999999,-0.17,0.0,0.0,2026-10-03 14:50:00.015701+00:00,eth0,connected,2.4 GHz,802.11n,11,NORMAL
0.001,0.001,0.002,9.033,0.0,0.257,0,0,0,0,0,0,144.4,72.2,85.0,-58.0,0.0013850415512465,0.002,0.0,0.002,9.5424,1.2291339634067822,11.74,0.0,0.0,0.0,1.0896,1.7075490622526437,4.132,85.0,0.0,85.0,0.0013850415512465,1.842644935150473e-07,0.0013850415512465,0.0079999999999991,-0.12,0.0,0.0,2026-10-03 14:50:03.600153+00:00,eth0,connected,2.4 GHz,802.11n,11,NORMAL
0.002,0.002,0.004,9.096,0.0,0.431,0,0,0,0,0,0,144.4,72.2,85.0,-58.0,0.002770083102493,0.0024,0.0008944271909999,0.004,9.5748,1.2110898810575803,11.74,0.0,0.0,0.0,1.1488,1.6709177717649313,4.132,85.0,0.0,85.0,0.0016620498614958,0.0006194094394583,0.002770083102493,0.0630000000000006,0.174,0.0,0.002,2026-10-03 14:50:05.409890+00:00,eth0,connected,2.4 GHz,802.11n,11,NORMAL
0.002,0.002,0.004,9.349,0.0,0.374,0,0,0,0,0,0,144.4,72.2,85.0,-58.0,0.002770083102493,0.0028,0.0010954451150103,0.004,9.0966,0.1470316292505332,9.349,0.0,0.0,0.0,0.3972,0.1051009038965889,0.547,85.0,0.0,85.0,0.0019390581717451,0.0007586185230791,0.002770083102493,0.2530000000000001,-0.0569999999999999,0.0,0.0,2026-10-03 14:50:08.985948+00:00,eth0,connected,2.4 GHz,802.11n,11,NORMAL
0.002,0.002,0.004,9.9,0.0,0.596,0,0,0,0,0,0,144.4,72.2,85.0,-58.0,0.002770083102493,0.0032,0.0010954451150103,0.004,9.280600000000002,0.3704892710998053,9.9,0.0,0.0,0.0,0.407,0.1232740848673396,0.596,85.0,0.0,85.0,0.0022160664819944,0.0007586185230797,0.002770083102493,0.5510000000000002,0.2219999999999999,0.0,0.0,2026-10-03 14:50:10.786925+00:00,eth0,connected,2.4 GHz,802.11n,11,NORMAL
0.002,0.001,0.003,9.676,0.0,1.221,0,0,0,0,0,0,144.4,72.2,85.0,-58.0,0.0013850415512465,0.0034,0.0008944271909999,0.004,9.410799999999998,0.372591867866254,9.9,0.0,0.0,0.0,0.5758,0.3807935136000622,1.221,85.0,0.0,85.0,0.0022160664819944,0.0007586185230797,0.002770083102493,-0.2240000000000002,0.6250000000000001,0.0,-0.001,2026-10-03 14:50:14.537143+00:00,eth0,connected,2.4 GHz,802.11n,11,NORMAL
0.001,0.001,0.002,9.902,0.0,1.025,0,0,0,0,0,0,144.4,72.2,85.0,-58.0,0.0013850415512465,0.0034,0.0008944271909999,0.004,9.5846,0.3545459067597064,9.902,0.0,0.0,0.0,0.7293999999999999,0.3748990530794676,1.221,85.0,0.0,85.0,0.0022160664819944,0.0007586185230797,0.002770083102493,0.2259999999999991,-0.1960000000000001,0.0,-0.001,2026-10-03 14:50:16.187121+00:00,eth0,connected,2.4 GHz,802.11n,11,NORMAL
0.001,0.001,0.002,9.498,0.0,0.67,0,0,0,0,0,0,144.4,72.2,85.0,-58.0,0.0013850415512465,0.003,0.0009999999999999,0.004,9.665,0.244571053070599,9.902,0.0,0.0,0.0,0.7772,0.3410494099098863,1.221,85.0,0.0,85.0,0.0019390581717451,0.0007586185230791,0.002770083102493,-0.4039999999999999,-0.3549999999999998,0.0,0.0,2026-10-03 14:50:19.997621+00:00,eth0,connected,2.4 GHz,802.11n,11,NORMAL
0.001,0.001,0.002,9.779,0.0,0.602,0,0,0,0,0,0,144.4,144.4,84.0,-58.0,0.0006925207756232,0.0026,0.0008944271909999,0.004,9.751,0.1698675954973782,9.902,0.0,0.0,0.0,0.8228,0.2841596382315438,1.221,84.8,0.4472135954999571,85.0,0.0015235457063711,0.0007586185230783,0.002770083102493,0.2810000000000006,-0.068,0.0,0.0,2026-10-03 14:50:21.600266+00:00,eth0,connected,2.4 GHz,802.11n,11,NORMAL
0.002,0.002,0.004,11.148,0.0,1.678,0,0,0,0,0,0,144.4,144.4,84.0,-58.0,0.0013850415512465,0.0026,0.0008944271909999,0.004,10.0006,0.6582794239531244,11.148,0.0,0.0,0.0,1.0392,0.4383978786443689,1.678,84.6,0.5477225575051643,85.0,0.0012465373961218,0.00030970476084,0.0013850415512465,1.3689999999999998,1.076,0.0,0.002,2026-10-03 14:50:25.363245+00:00,eth0,connected,2.4 GHz,802.11n,11,NORMAL
0.002,0.002,0.004,9.72,0.0,0.809,0,0,0,0,0,0,144.4,144.4,84.0,-58.0,0.0013850415512465,0.0028,0.0010954451150103,0.004,10.0094,0.6531292368284067,11.148,0.0,0.0,0.0,0.9568,0.4343854279322482,1.678,84.4,0.5477225575051643,85.0,0.0012465373961218,0.00030970476084,0.0013850415512465,-1.427999999999999,-0.8689999999999999,0.0,0.0,2026-10-03 14:50:26.985835+00:00,eth0,connected,2.4 GHz,802.11n,11,NORMAL
0.001,0.001,0.002,9.079,0.0,0.731,0,0,0,0,0,0,144.4,144.4,84.0,-58.0,0.0006925207756232,0.0027999999999999,0.0010954451150103,0.004,9.8448,0.7786133186634163,11.148,0.0,0.0,0.0,0.898,0.4426652233910883,1.678,84.2,0.4472135954999571,85.0,0.0011080332409972,0.0003793092951056,0.0013850415512465,-0.641,-0.078,0.0,-0.002,2026-10-03 14:50:30.769983+00:00,eth0,connected,2.4 GHz,802.11n,11,NORMAL
0.001,0.001,0.002,10.611,0.0,0.658,0,0,0,0,0,0,130.0,144.4,83.0,-58.0,0.0007692307692307,0.0028,0.0010954451150103,0.004,10.0674,0.8130180194805375,11.148,0.0,0.0,0.0,0.8956,0.4442401377632171,1.678,83.8,0.4472135954999571,84.0,0.000984871084594,0.0003666439323414,0.0013850415512465,1.532,-0.0729999999999999,0.0,0.0,2026-10-03 14:50:32.382195+00:00,eth0,connected,2.4 GHz,802.11n,11,NORMAL
0.001,0.001,0.002,10.896,0.0,4.251,0,0,0,0,0,0,130.0,144.4,83.0,-58.0,0.0007692307692307,0.0027999999999999,0.0010954451150103,0.004,10.2908,0.8657162930198622,11.148,0.0,0.0,0.0,1.6253999999999995,1.5247020364647923,4.251,83.6,0.5477225575051643,84.0,0.0010002130833155,0.0003526918805141,0.0013850415512465,0.2850000000000001,3.5930000000000004,0.0,0.0,2026-10-03 14:50:36.163317+00:00,eth0,connected,2.4 GHz,802.11n,11,NORMAL
0.001,0.001,0.002,8.677,0.0,0.346,0,0,0,0,0,0,104.0,72.2,89.0,-58.0,0.0013850415512465,0.0024,0.0008944271909999,0.004,9.796600000000002,0.95475771795784,10.896,0.0,0.0,0.0,1.359,1.626200940843377,4.251,84.6,2.509980079602228,89.0,0.0010002130833155,0.0003526918805141,0.0013850415512465,-2.219000000000001,-3.905,0.0,0.0,2026-10-03 14:50:37.771863+00:00,eth0,connected,2.4 GHz,802.11n,11,NORMAL
0.001,0.001,0.002,9.569,0.0,1.497,0,0,0,0,0,0,104.0,72.2,69.0,-58.0,0.0013850415512465,0.002,0.0,0.002,9.7664,0.9601592576234752,10.896,0.0,0.0,0.0,1.4966,1.5968714099763592,4.251,81.6,7.469939758793238,89.0,0.0010002130833155,0.0003526918805141,0.0013850415512465,0.8920000000000012,1.1510000000000002,0.0,0.0,2026-10-03 14:50:41.576293+00:00,eth0,connected,2.4 GHz,802.11n,11,NORMAL
0.001,0.001,0.002,8.072,0.0,0.925,0,0,0,0,0,0,104.0,72.2,69.0,-58.0,0.0013850415512465,0.002,0.0,0.002,9.565,1.2127742988701848,10.896,0.0,0.0,0.0,1.5354,1.5758370156840096,4.251,78.6,9.09945053286186,89.0,0.0011387172384402,0.000337293506796,0.0013850415512465,-1.4970000000000017,-0.5720000000000001,0.0,0.0,2026-10-03 14:50:43.151665+00:00,eth0,connected,2.4 GHz,802.11n,11,NORMAL
0.001,0.001,0.002,9.294,0.0,0.376,0,0,0,0,0,0,78.0,72.2,69.0,-58.0,0.0013850415512465,0.002,0.0,0.002,9.3016,1.0625103764199544,10.896,0.0,0.0,0.0,1.479,1.6195309506149875,4.251,75.8,9.549869109050654,89.0,0.0012618793948433,0.0002753990156162,0.0013850415512465,1.2220000000000013,-0.549,0.0,0.0,2026-10-03 14:50:46.986234+00:00,eth0,connected,2.4 GHz,802.11n,11,NORMAL
0.001,0.001,0.002,8.541,0.0,0.241,0,0,0,0,0,0,78.0,72.2,69.0,-58.0,0.0013850415512465,0.002,0.0,0.002,8.8306,0.6006057775280566,9.569,0.0,0.0,0.0,0.6769999999999999,0.5301325305995487,1.497,73.0,8.944271909999156,89.0,0.0013850415512465,1.842644938741748e-07,0.0013850415512465,-0.7530000000000001,-0.135,0.0,0.0,2026-10-03 14:50:48.580386+00:00,eth0,connected,2.4 GHz,802.11n,11,NORMAL
0.002,0.002,0.004,9.426,0.0,1.03,0,0,0,0,0,0,104.0,78.0,69.0,-58.0,0.0025641025641025,0.0024,0.0008944271909999,0.004,8.9804,0.6445186576043227,9.569,0.0,0.0,0.0,0.8138,0.5112824072857213,1.497,69.0,0.0,69.0,0.0016208537538177,0.0005272921470698,0.0025641025641025,0.8849999999999998,0.789,0.0,0.002,2026-10-03 14:50:52.379231+00:00,eth0,connected,2.4 GHz,802.11n,11,NORMAL
0.002,0.002,0.004,9.1,0.0,0.722,0,0,0,0,0,0,104.0,78.0,69.0,-58.0,0.0025641025641025,0.0028,0.0010954451150103,0.004,8.8866,0.5668948756163525,9.426,0.0,0.0,0.0,0.6588,0.3417523957485614,1.03,69.0,0.0,69.0,0.0018566659563889,0.0006457983397051,0.0025641025641025,-0.3260000000000005,-0.308,0.0,0.0,2026-10-03 14:50:53.995293+00:00,eth0,connected,2.4 GHz,802.11n,11,NORMAL
0.001,0.001,0.002,8.166,0.0,0.288,0,0,0,0,0,0,78.0,104.0,70.0,-58.0,0.0012820512820512,0.0027999999999999,0.0010954451150103,0.004,8.9054,0.5337141557051668,9.426,0.0,0.0,0.0,0.5313999999999999,0.3363982758574733,1.03,69.2,0.4472135954999571,70.0,0.0018360679025498,0.0006659303694065,0.0025641025641025,-0.9339999999999992,-0.434,0.0,-0.002,2026-10-03 14:50:57.783985+00:00,eth0,connected,2.4 GHz,802.11n,11,NORMAL
0.001,0.001,0.002,8.625,25.0,0.259,0,0,0,0,0,0,78.0,104.0,70.0,-58.0,0.0012820512820512,0.0028,0.0010954451150103,0.004,8.7716,0.4943443132069813,9.426,5.0,11.180339887498947,25.0,0.508,0.3535427838322832,1.03,69.4,0.5477225575051643,70.0,0.0018154698487108,0.0006846972459964,0.0025641025641025,0.4589999999999996,-0.0289999999999999,25.0,0.0,2026-10-03 14:50:59.418483+00:00,eth0,connected,2.4 GHz,802.11n,11,CONGESTED
0.001,0.001,0.002,8.361,0.0,0.553,0,0,0,0,0,0,117.0,104.0,77.0,-58.0,0.0009615384615384,0.0027999999999999,0.0010954451150103,0.004,8.735600000000002,0.5211624506812467,9.426,5.0,11.180339887498947,25.0,0.5704,0.3206388934609787,1.03,71.0,3.3911649915626336,77.0,0.0017307692307692,0.0007718971103782,0.0025641025641025,-0.2639999999999993,0.294,-25.0,0.0,2026-10-03 14:51:03.197626+00:00,eth0,connected,2.4 GHz,802.11n,11,NORMAL
0.001,0.001,0.002,8.821,0.0,0.434,0,0,0,0,0,0,117.0,104.0,77.0,-58.0,0.0009615384615384,0.0024,0.0008944271909999,0.004,8.6146,0.3687401524109979,9.1,5.0,11.180339887498947,25.0,0.4512,0.1920721218706147,0.722,72.6,4.037325847637271,77.0,0.0014102564102564,0.0006646295560985,0.0025641025641025,0.4599999999999991,-0.119,0.0,0.0,2026-10-03 14:51:05.778880+00:00,eth0,connected,2.4 GHz,802.11n,11,NORMAL
0.001,0.001,0.002,8.991,0.0,0.629,0,0,0,0,0,0,78.0,86.7,77.0,-58.0,0.0012820512820512,0.002,0.0,0.002,8.5928,0.3345014200270107,8.991,5.0,11.180339887498947,25.0,0.4326,0.1613359848263251,0.629,74.2,3.834057902536164,77.0,0.0011538461538461,0.0001755521984671,0.0012820512820512,0.1699999999999999,0.195,0.0,0.0,2026-10-03 14:51:08.546196+00:00,eth0,connected,2.4 GHz,802.11n,11,NORMAL
0.002,0.002,0.004,8.631,0.0,0.399,0,0,0,0,0,0,78.0,86.7,77.0,-58.0,0.0025641025641025,0.0024,0.0008944271909999,0.004,8.6858,0.2364428049234838,8.991,5.0,11.180339887498947,25.0,0.4548,0.1430671171159896,0.629,75.6,3.1304951684997064,77.0,0.0014102564102564,0.0006646295560985,0.0025641025641025,-0.3599999999999994,-0.2299999999999999,0.0,0.002,2026-10-03 14:51:11.179709+00:00,eth0,connected,2.4 GHz,802.11n,11,NORMAL
0.002,0.002,0.004,8.562,0.0,0.238,0,0,0,0,0,0,78.0,115.6,72.0,-58.0,0.0025641025641025,0.0027999999999999,0.0010954451150103,0.004,8.6732,0.242103696791447,8.991,0.0,0.0,0.0,0.4506,0.1503738674101331,0.629,76.0,2.23606797749979,77.0,0.0016666666666666,0.0008296268862035,0.0025641025641025,-0.0690000000000008,-0.161,0.0,0.0,2026-10-03 14:51:13.938424+00:00,eth0,connected,2.4 GHz,802.11n,11,NORMAL
0.002,0.002,0.004,8.539,0.0,0.231,0,0,0,0,0,0,78.0,115.6,72.0,-58.0,0.0025641025641025,0.0032,0.0010954451150103,0.004,8.7088,0.1927827793141396,8.991,0.0,0.0,0.0,0.3862,0.1638984441655257,0.629,75.0,2.7386127875258306,77.0,0.0019871794871794,0.0007980705083238,0.0025641025641025,-0.0229999999999996,-0.0069999999999999,0.0,0.0,2026-10-03 14:51:16.616183+00:00,eth0,connected,2.4 GHz,802.11n,11,NORMAL
0.001,0.001,0.002,9.864,0.0,2.088,0,0,0,0,0,0,78.0,115.6,80.0,-58.0,0.0012820512820512,0.0032,0.0010954451150103,0.004,8.9174,0.559685000692426,9.864,0.0,0.0,0.0,0.717,0.7832857077719991,2.088,75.6,3.507135583350037,80.0,0.002051282051282,0.0007022084312354,0.0025641025641025,1.325000000000001,1.857,0.0,-0.002,2026-10-03 14:51:19.322521+00:00,eth0,connected,2.4 GHz,802.11n,11,NORMAL
0.001,0.001,0.002,9.709,0.0,1.927,0,0,0,0,0,0,104.0,115.6,80.0,-58.0,0.0009615384615384,0.0032,0.0010954451150103,0.004,9.061,0.6654130296290253,9.864,0.0,0.0,0.0,0.9766,0.9451906156960528,2.088,76.2,4.024922359499622,80.0,0.0019871794871794,0.0007980705083238,0.0025641025641025,-0.1550000000000011,-0.161,0.0,0.0,2026-10-03 14:51:22.005792+00:00,eth0,connected,2.4 GHz,802.11n,11,NORMAL
0.001,0.001,0.002,8.676,0.0,0.154,0,0,0,0,0,0,104.0,115.6,80.0,-58.0,0.0009615384615384,0.0028,0.0010954451150103,0.004,9.07,0.6584105861846983,9.864,0.0,0.0,0.0,0.9276,0.9880011639668664,2.088,76.8,4.3817804600413295,80.0,0.0016666666666666,0.0008296268862035,0.0025641025641025,-1.0329999999999997,-1.773,0.0,0.0,2026-10-03 14:51:24.676783+00:00,eth0,connected,2.4 GHz,802.11n,11,NORMAL
0.001,0.001,0.002,8.019,0.0,0.55,0,0,0,0,0,0,104.0,130.0,86.0,-58.0,0.0009615384615384,0.0024,0.0008944271909999,0.004,8.961400000000001,0.7939749996064612,9.864,0.0,0.0,0.0,0.99,0.9423574162704312,2.088,79.6,4.979959839195495,86.0,0.0013461538461538,0.0006948552612485,0.0025641025641025,-0.657,0.396,0.0,0.0,2026-10-03 14:51:27.386018+00:00,eth0,connected,2.4 GHz,802.11n,11,NORMAL
0.001,0.001,0.002,8.411,0.0,0.693,0,0,0,0,0,0,104.0,130.0,86.0,-58.0,0.0009615384615384,0.002,0.0,0.002,8.9358,0.8128386678794758,9.864,0.0,0.0,0.0,1.0824,0.8691359502401701,2.088,82.4,3.2863353450310013,86.0,0.001025641025641,0.0001433378093002,0.0012820512820512,0.3919999999999994,0.1429999999999999,0.0,0.0,2026-10-03 14:51:30.117249+00:00,eth0,connected,2.4 GHz,802.11n,11,NORMAL
0.002,0.002,0.004,12.947,0.0,8.342,0,0,0,0,0,0,104.0,104.0,86.0,-58.0,0.0019230769230769,0.0024,0.0008944271909999,0.004,9.5524,1.998125321395048,12.947,0.0,0.0,0.0,2.3332,3.423800768152243,8.342,83.6,3.2863353450310013,86.0,0.0011538461538461,0.0004300131120748,0.0019230769230769,4.536,7.649000000000001,0.0,0.002,2026-10-03 14:51:32.754895+00:00,eth0,connected,2.4 GHz,802.11n,11,NORMAL
0.001,0.001,0.002,8.419,0.0,0.135,0,0,0,0,0,0,104.0,104.0,78.0,-58.0,0.0009615384615384,0.0024,0.0008944271909999,0.004,9.2944,2.0553145258086585,12.947,0.0,0.0,0.0,1.9748,3.567719117307287,8.342,83.2,3.898717737923591,86.0,0.0011538461538461,0.0004300131120748,0.0019230769230769,-4.527999999999999,-8.207,0.0,-0.002,2026-10-03 14:51:35.516729+00:00,eth0,connected,2.4 GHz,802.11n,11,NORMAL
0.001,0.001,0.002,8.523,0.0,0.237,0,0,0,0,0,0,104.0,117.0,78.0,-58.0,0.0009615384615384,0.0024,0.0008944271909999,0.004,9.2638,2.0679234028367857,12.947,0.0,0.0,0.0,1.9914,3.557307169756344,8.342,82.8,4.381780460041332,86.0,0.0011538461538461,0.0004300131120748,0.0019230769230769,0.1039999999999992,0.1019999999999999,0.0,0.0,2026-10-03 14:51:38.120255+00:00,eth0,connected,2.4 GHz,802.11n,11,NORMAL
0.001,0.001,0.002,9.015,0.0,0.472,0,0,0,0,0,0,104.0,117.0,82.0,-58.0,0.0009615384615384,0.0024,0.0008944271909999,0.004,9.463,1.963364459289224,12.947,0.0,0.0,0.0,1.9758,3.565370345419938,8.342,82.0,4.000000000000004,86.0,0.0011538461538461,0.0004300131120748,0.0019230769230769,0.4920000000000009,0.235,0.0,0.0,2026-10-03 14:51:40.931186+00:00,eth0,connected,2.4 GHz,802.11n,11,NORMAL
0.001,0.001,0.002,8.445,0.0,0.321,0,0,0,0,0,0,104.0,117.0,82.0,-58.0,0.0009615384615384,0.0024,0.0008944271909999,0.004,9.4698,1.958863752280915,12.947,0.0,0.0,0.0,1.9014,3.602519021462605,8.342,81.2,3.3466401061363062,86.0,0.0011538461538461,0.0004300131120748,0.0019230769230769,-0.5700000000000003,-0.1509999999999999,0.0,0.0,2026-10-03 14:51:43.491538+00:00,eth0,connected,2.4 GHz,802.11n,11,NORMAL
0.001,0.001,0.002,9.01,0.0,0.589,0,0,0,0,0,0,104.0,117.0,82.0,-58.0,0.0009615384615384,0.002,0.0,0.002,8.682400000000001,0.3037643823756986,9.015,0.0,0.0,0.0,0.3508,0.1815466882096159,0.589,80.4,2.190890230020671,82.0,0.0009615384615384,1.8426118024666418e-07,0.0009615384615384,0.5649999999999995,0.2679999999999999,0.0,0.0,2026-10-03 14:51:46.349570+00:00,eth0,connected,2.4 GHz,802.11n,11,NORMAL
0.001,0.001,0.002,18.403,0.0,16.806,0,0,0,0,0,0,104.0,117.0,78.0,-58.0,0.0009615384615384,0.002,0.0,0.002,10.6792,4.325902356734376,18.403,0.0,0.0,0.0,3.685,7.336116581679977,16.806,80.4,2.190890230020671,82.0,0.0009615384615384,1.8426118024666418e-07,0.0009615384615384,9.393,16.217000000000002,0.0,0.0,2026-10-03 14:51:48.920400+00:00,eth0,connected,2.4 GHz,802.11n,11,WARNING
0.001,0.001,0.002,9.718,0.0,1.012,0,0,0,0,0,0,104.0,130.0,82.0,-58.0,0.0009615384615384,0.002,0.0,0.002,10.9182,4.208409046183607,18.403,0.0,0.0,0.0,3.8400000000000007,7.252767161573567,16.806,81.2,1.7888543819998386,82.0,0.0009615384615384,1.8426118024666418e-07,0.0009615384615384,-8.684999999999999,-15.794,0.0,0.0,2026-10-03 14:51:51.849762+00:00,eth0,connected,2.4 GHz,802.11n,11,NORMAL
0.001,0.001,0.002,22.741,0.0,22.863,0,0,0,0,0,0,104.0,104.0,86.0,-58.0,0.0009615384615384,0.002,0.0,0.002,13.6634,6.5061248297277485,22.741,0.0,0.0,0.0,8.318200000000001,10.731615148708974,22.863,82.0,2.8284271247461943,86.0,0.0009615384615384,1.8426118024666418e-07,0.0009615384615384,13.023,21.851,0.0,0.0,2026-10-03 14:51:54.360550+00:00,eth0,connected,2.4 GHz,802.11n,11,CONGESTED
0.002,0.002,0.004,8.711,0.0,0.424,0,0,0,0,0,0,104.0,115.6,78.0,-58.0,0.0019230769230769,0.0024,0.0008944271909999,0.004,13.7166,6.453662859183142,22.741,0.0,0.0,0.0,8.3388,10.712508095679553,22.863,81.2,3.3466401061363062,86.0,0.0011538461538461,0.0004300131120748,0.0019230769230769,-14.03,-22.439,0.0,0.002,2026-10-03 14:51:57.242105+00:00,eth0,connected,2.4 GHz,802.11n,11,NORMAL
0.002,0.002,0.004,9.412,0.0,1.136,0,0,0,0,0,0,117.0,144.4,81.0,-58.0,0.0017094017094017,0.0028,0.0010954451150103,0.004,13.797,6.38248059143151,22.741,0.0,0.0,0.0,8.4482,10.615936190463842,22.863,81.0,3.3166247903554043,86.0,0.0013034188034188,0.000474195356766,0.0019230769230769,0.7010000000000005,0.712,0.0,0.0,2026-10-03 14:51:59.731989+00:00,eth0,connected,2.4 GHz,802.11n,11,NORMAL
0.001,0.001,0.002,9.262,0.0,0.928,0,0,0,0,0,0,117.0,144.4,81.0,-58.0,0.0008547008547008,0.0027999999999999,0.0010954451150103,0.004,11.968800000000002,6.03290242752193,22.741,0.0,0.0,0.0,5.2726,9.83705768001794,22.863,81.6,2.8809720581775915,86.0,0.0012820512820512,0.0004953856376612,0.0019230769230769,-0.1500000000000003,-0.2079999999999998,0.0,-0.002,2026-10-03 14:52:02.700830+00:00,eth0,connected,2.4 GHz,802.11n,11,NORMAL
0.001,0.001,0.002,8.606,0.0,0.842,0,0,0,0,0,0,104.0,104.0,90.0,-58.0,0.0009615384615384,0.0028,0.0010954451150103,0.004,11.7464,6.15586430162329,22.741,0.0,0.0,0.0,5.2386,9.855741210076486,22.863,83.2,4.764451699828641,90.0,0.0012820512820512,0.0004953856376612,0.0019230769230769,-0.6560000000000006,-0.086,0.0,0.0,2026-10-03 14:52:05.118903+00:00,eth0,connected,2.4 GHz,802.11n,11,NORMAL
0.001,0.001,0.002,8.402,0.0,0.343,0,0,0,0,0,0,104.0,104.0,79.0,-58.0,0.0009615384615384,0.0027999999999999,0.0010954451150103,0.004,8.8786,0.4361935350278723,9.412,0.0,0.0,0.0,0.7346,0.3390734433716356,1.136,81.8,4.76445169982864,90.0,0.0012820512820512,0.0004953856376612,0.0019230769230769,-0.2040000000000006,-0.4989999999999999,0.0,0.0,2026-10-03 14:52:08.119226+00:00,eth0,connected,2.4 GHz,802.11n,11,NORMAL
0.001,0.001,0.002,9.207,0.0,0.604,0,0,0,0,0,0,104.0,104.0,79.0,-58.0,0.0009615384615384,0.0024,0.0008944271909999,0.004,8.9778,0.4448631250172441,9.412,0.0,0.0,0.0,0.7706,0.3057724644239536,1.136,82.0,4.5825756949558425,90.0,0.0010897435897435,0.0003494749894695,0.0017094017094017,0.8050000000000015,0.2609999999999999,0.0,0.0,2026-10-03 14:52:10.460700+00:00,eth0,connected,2.4 GHz,802.11n,11,NORMAL
0.001,0.002,0.003,9.18,0.0,0.542,0,0,0,0,0,0,104.0,104.0,79.0,-58.0,0.0019230769230769,0.0021999999999999,0.0004472135954999,0.003,8.9314,0.3978703306356351,9.262,0.0,0.0,0.0,0.6517999999999999,0.235669684091733,0.928,81.6,4.7749345545253306,90.0,0.0011324786324786,0.0004443725669013,0.0019230769230769,-0.027000000000001,-0.0619999999999999,0.0,0.001,2026-10-03 14:52:13.493513+00:00,eth0,connected,2.4 GHz,802.11n,11,NORMAL
0.002,0.002,0.004,8.989,0.0,0.546,0,0,0,0,0,0,78.0,104.0,79.0,-58.0,0.0025641025641025,0.0026,0.0008944271909999,0.004,8.8768,0.3578822432031401,9.207,0.0,0.0,0.0,0.5753999999999999,0.1788038030912563,0.842,81.2,4.91934955049954,90.0,0.0014743589743589,0.0007378759482141,0.0025641025641025,-0.1909999999999989,0.004,0.0,0.001,2026-10-03 14:52:15.855425+00:00,eth0,connected,2.4 GHz,802.11n,11,NORMAL
0.001,0.002,0.003,8.81,0.0,0.583,0,0,0,0,0,0,104.0,104.0,79.0,-58.0,0.0019230769230769,0.0027999999999999,0.000836660026534,0.004,8.9176,0.3298201024802917,9.207,0.0,0.0,0.0,0.5236000000000001,0.10422235844528,0.604,79.0,0.0,79.0,0.0016666666666666,0.0006948552612492,0.0025641025641025,-0.1790000000000002,0.0369999999999999,0.0,-0.001,2026-10-03 14:52:18.865070+00:00,eth0,connected,2.4 GHz,802.11n,11,NORMAL
0.001,0.002,0.003,8.59,0.0,1.28,0,0,0,0,0,0,104.0,115.6,79.0,-58.0,0.0017301038062283,0.003,0.0007071067811865,0.004,8.955200000000001,0.2595837051898838,9.207,0.0,0.0,0.0,0.711,0.3191316342826227,1.28,79.0,0.0,79.0,0.0018203797356046,0.0005744508863996,0.0025641025641025,-0.2200000000000006,0.6970000000000001,0.0,0.0,2026-10-03 14:52:21.242008+00:00,eth0,connected,2.4 GHz,802.11n,11,NORMAL
0.001,0.001,0.002,27.304,0.0,32.257,0,0,0,0,0,0,104.0,115.6,79.0,-58.0,0.0009615384615384,0.003,0.0007071067811865,0.004,12.5746,8.236873059602168,27.304,0.0,0.0,0.0,7.0416,14.099322370241769,32.257,79.0,0.0,79.0,0.0018203797356046,0.0005744508863996,0.0025641025641025,18.714,30.977,0.0,-0.001,2026-10-03 14:52:24.224238+00:00,eth0,connected,2.4 GHz,802.11n,11,CONGESTED
0.001,0.001,0.002,9.692,0.0,1.331,0,0,0,0,0,0,78.0,115.6,82.0,-58.0,0.0012820512820512,0.0028,0.000836660026534,0.004,12.677,8.187153901081864,27.304,0.0,0.0,0.0,7.1994,14.012540929467429,32.257,79.6,1.3416407864998754,82.0,0.0016921746073995,0.0006158415625467,0.0025641025641025,-17.612,-30.926,0.0,0.0,2026-10-03 14:52:26.591635+00:00,eth0,connected,2.4 GHz,802.11n,11,NORMAL
0.001,0.001,0.002,17.479,0.0,14.233,0,0,0,0,0,0,78.0,115.6,82.0,-58.0,0.0012820512820512,0.0024,0.0005477225575051,0.003,14.375,8.111100356918284,27.304,0.0,0.0,0.0,9.9368,13.721718339916467,32.257,80.2,1.6431676725154996,82.0,0.0014357643509892,0.0003860877500612,0.0019230769230769,7.786999999999999,12.902,0.0,0.0,2026-10-03 14:52:29.616015+00:00,eth0,connected,2.4 GHz,802.11n,11,WARNING
0.001,0.001,0.002,8.745,0.0,0.253,0,0,0,0,0,0,78.0,115.6,82.0,-58.0,0.0012820512820512,0.0022,0.0004472135954999,0.003,14.362,8.122293795474276,27.304,0.0,0.0,0.0,9.8708,13.77863241399523,32.257,80.8,1.6431676725154996,82.0,0.0013075592227841,0.0002739645931252,0.0017301038062283,-8.734,-13.98,0.0,0.0,2026-10-03 14:52:31.972677+00:00,eth0,connected,2.4 GHz,802.11n,11,NORMAL
0.002,0.002,0.004,8.794,0.0,0.323,0,0,0,0,0,0,78.0,115.6,82.0,-58.0,0.0025641025641025,0.0024,0.0008944271909999,0.004,14.4028,8.08648475544225,27.304,0.0,0.0,0.0,9.6794,13.933577387017303,32.257,81.4,1.3416407864998754,82.0,0.0014743589743589,0.0006247945364544,0.0025641025641025,0.0490000000000012,0.07,0.0,0.002,2026-10-03 14:52:34.995917+00:00,eth0,connected,2.4 GHz,802.11n,11,NORMAL
0.001,0.001,0.002,9.105,0.0,0.495,0,0,0,0,0,0,104.0,115.6,81.0,-58.0,0.0009615384615384,0.0024,0.0008944271909999,0.004,10.763,3.773259400041302,17.479,0.0,0.0,0.0,3.3270000000000004,6.11184440246968,14.233,81.8,0.4472135954999571,82.0,0.0014743589743589,0.0006247945364544,0.0025641025641025,0.3109999999999999,0.172,0.0,-0.002,2026-10-03 14:52:37.408217+00:00,eth0,connected,2.4 GHz,802.11n,11,NORMAL
0.001,0.001,0.002,8.918,0.0,0.543,0,0,0,0,0,0,104.0,115.6,81.0,-58.0,0.0009615384615384,0.0024,0.0008944271909999,0.004,10.6082,3.843407173329421,17.479,0.0,0.0,0.0,3.1694000000000004,6.185891592971862,14.233,81.6,0.5477225575051643,82.0,0.0014102564102564,0.0006646295560985,0.0025641025641025,-0.1870000000000011,0.048,0.0,0.0,2026-10-03 14:52:40.394802+00:00,eth0,connected,2.4 GHz,802.11n,11,NORMAL
0.001,0.001,0.002,12.963,0.0,6.916,0,0,0,0,0,0,78.0,115.6,81.0,-58.0,0.0012820512820512,0.0024,0.0008944271909999,0.004,9.705,1.8265715151616924,12.963,0.0,0.0,0.0,1.7060000000000002,2.9149222974206275,6.916,81.4,0.5477225575051643,82.0,0.0014102564102564,0.0006646295560985,0.0025641025641025,4.045,6.373,0.0,0.0,2026-10-03 14:52:42.798233+00:00,eth0,connected,2.4 GHz,802.11n,11,NORMAL
0.001,0.001,0.002,10.036,0.0,1.017,0,0,0,0,0,0,78.0,115.6,81.0,-58.0,0.0012820512820512,0.0024,0.0008944271909999,0.004,9.9632,1.7464305597418042,12.963,0.0,0.0,0.0,1.8588,2.838743595325219,6.916,81.2,0.4472135954999571,82.0,0.0014102564102564,0.0006646295560985,0.0025641025641025,-2.927,-5.899000000000001,0.0,0.0,2026-10-03 14:52:45.746820+00:00,eth0,connected,2.4 GHz,802.11n,11,NORMAL
0.001,0.001,0.002,8.642,0.0,0.137,0,0,0,0,0,0,78.0,115.6,81.0,-58.0,0.0012820512820512,0.002,0.0,0.002,9.9328,1.7729917371494073,12.963,0.0,0.0,0.0,1.8216,2.8649980453745427,6.916,81.0,0.0,81.0,0.0011538461538461,0.0001755521984671,0.0012820512820512,-1.394,-0.8799999999999999,0.0,0.0,2026-10-03 14:52:48.197731+00:00,eth0,connected,2.4 GHz,802.11n,11,NORMAL
0.001,0.001,0.002,9.285,0.0,0.521,0,0,0,0,0,0,78.0,115.6,81.0,-58.0,0.0012820512820512,0.002,0.0,0.002,9.9688,1.7537039944072863,12.963,0.0,0.0,0.0,1.8268,2.8620103423991936,6.916,81.0,0.0,81.0,0.0012179487179487,0.0001433378093021,0.0012820512820512,0.6430000000000007,0.384,0.0,0.0,2026-10-03 14:52:51.135146+00:00,eth0,connected,2.4 GHz,802.11n,11,NORMAL
0.001,0.001,0.002,15.11,0.0,9.857,0,0,0,0,0,0,78.0,86.7,82.0,-58.0,0.0012820512820512,0.002,0.0,0.002,11.2072,2.736854709333332,15.11,0.0,0.0,0.0,3.6896,4.422958941704067,9.857,81.2,0.4472135954999571,82.0,0.0012820512820512,1.842636888521882e-07,0.0012820512820512,5.824999999999999,9.336,0.0,0.0,2026-10-03 14:52:53.612167+00:00,eth0,connected,2.4 GHz,802.11n,11,NORMAL
0.001,0.001,0.002,17.763,0.0,13.951,0,0,0,0,0,0,78.0,86.7,82.0,-58.0,0.0012820512820512,0.002,0.0,0.002,12.1672,4.038848065971288,17.763,0.0,0.0,0.0,5.0966,6.388244891987154,13.951,81.4,0.5477225575051643,82.0,0.0012820512820512,1.842636888521882e-07,0.0012820512820512,2.6530000000000022,4.094000000000001,0.0,0.0,2026-10-03 14:52:56.525034+00:00,eth0,connected,2.4 GHz,802.11n,11,WARNING
0.002,0.002,0.004,11.765,25.0,5.269,0,0,0,0,0,0,585.0,585.0,82.0,-61.0,0.0003418803418803,0.0024,0.0008944271909999,0.004,12.513,3.881721203280833,17.763,5.0,11.180339887498947,25.0,5.947,5.979326383464945,13.951,81.6,0.5477225575051643,82.0,0.001094017094017,0.0004204572669141,0.0012820512820512,-5.998000000000001,-8.682,25.0,0.002,2026-10-03 14:52:59.020992+00:00,eth0,connected,5 GHz,802.11ac,149,CONGESTED
0.002,0.002,0.004,8.794,0.0,0.459,0,0,0,0,0,0,585.0,585.0,82.0,-61.0,0.0003418803418803,0.0028,0.0010954451150103,0.004,12.5434,3.8442404061140607,17.763,5.0,11.180339887498947,25.0,6.0114,5.902344517223641,13.951,81.8,0.4472135954999571,82.0,0.0009059829059829,0.0005149528648086,0.0012820512820512,-2.971,-4.8100000000000005,-25.0,0.0,2026-10-03 14:53:01.932482+00:00,eth0,connected,5 GHz,802.11ac,149,NORMAL
0.001,0.001,0.002,8.882,0.0,0.432,0,0,0,0,0,0,585.0,585.0,82.0,-61.0,0.0001709401709401,0.0028,0.0010954451150103,0.004,12.4628,3.932840411204096,17.763,5.0,11.180339887498947,25.0,5.993599999999999,5.923139184587846,13.951,82.0,0.0,82.0,0.0006837606837606,0.0005506025405202,0.0012820512820512,0.0879999999999991,-0.027,0.0,-0.002,2026-10-03 14:53:05.406924+00:00,eth0,connected,5 GHz,802.11ac,149,NORMAL
0.001,0.001,0.002,9.637,0.0,2.748,0,0,0,0,0,0,468.0,26.0,82.0,-61.0,0.0038461538461538,0.0028,0.0010954451150103,0.004,11.3682,3.770134838437485,17.763,5.0,11.180339887498947,25.0,4.5718,5.608805461058528,13.951,82.0,0.0,82.0,0.0011965811965811,0.001544385566513,0.0038461538461538,0.7550000000000008,2.3160000000000003,0.0,0.0,2026-10-03 14:53:07.346742+00:00,eth0,connected,5 GHz,802.11ac,149,NORMAL
0.002,0.001,0.003,8.45,0.0,0.551,0,0,0,0,0,0,468.0,26.0,82.0,-61.0,0.0038461538461538,0.003,0.0009999999999999,0.004,9.5056,1.3352618844257056,11.765,5.0,11.180339887498947,25.0,1.8918,2.128393455167521,5.269,82.0,0.0,82.0,0.0017094017094017,0.0019518268884706,0.0038461538461538,-1.1870000000000012,-2.197,0.0,0.001,2026-10-03 14:53:10.773252+00:00,eth0,connected,5 GHz,802.11ac,149,NORMAL
0.003,0.001,0.004,8.674,0.0,0.251,0,0,0,0,0,0,526.5,26.0,82.0,-61.0,0.0038461538461538,0.003,0.0009999999999999,0.004,8.8874,0.4493081348029482,9.637,0.0,0.0,0.0,0.8882000000000001,1.0453366443399614,2.748,82.0,0.0,82.0,0.0024102564102564,0.0019671121761971,0.0038461538461538,0.2240000000000002,-0.3,0.0,0.001,2026-10-03 14:53:12.746397+00:00,eth0,connected,5 GHz,802.11ac,149,NORMAL
0.002,0.001,0.003,8.522,0.0,0.504,0,0,0,0,0,0,526.5,26.0,82.0,-61.0,0.0038461538461538,0.0028,0.000836660026534,0.004,8.833000000000002,0.4789331894952633,9.637,0.0,0.0,0.0,0.8972000000000001,1.0409018685735612,2.748,82.0,0.0,82.0,0.0031111111111111,0.0016436055322533,0.0038461538461538,-0.1519999999999992,0.253,0.0,-0.001,2026-10-03 14:53:16.166813+00:00,eth0,connected,5 GHz,802.11ac,149,NORMAL
0.001,0.002,0.003,8.592,0.0,0.196,0,0,0,0,0,0,526.5,26.0,82.0,-61.0,0.0076923076923076,0.003,0.0007071067811865,0.004,8.775,0.4889703467492761,9.637,0.0,0.0,0.0,0.85,1.072151808280866,2.748,82.0,0.0,82.0,0.0046153846153846,0.001720052300257,0.0076923076923076,0.0700000000000002,-0.308,0.0,0.0,2026-10-03 14:53:18.146426+00:00,eth0,connected,5 GHz,802.11ac,149,NORMAL
0.001,0.001,0.002,8.509,0.0,0.167,0,0,0,0,0,0,526.5,26.0,82.0,-61.0,0.0038461538461538,0.003,0.0007071067811865,0.004,8.5494,0.0860279024509688,8.674,0.0,0.0,0.0,0.3338,0.180146329410083,0.551,82.0,0.0,82.0,0.0046153846153846,0.001720052300257,0.0076923076923076,-0.0830000000000001,-0.0289999999999999,0.0,-0.001,2026-10-03 14:53:21.597436+00:00,eth0,connected,5 GHz,802.11ac,149,NORMAL
0.001,0.001,0.002,9.07,0.0,0.72,0,0,0,0,0,0,468.0,26.0,82.0,-61.0,0.0038461538461538,0.0028,0.000836660026534,0.004,8.6734,0.2312288909286856,9.07,0.0,0.0,0.0,0.3676,0.2377357777027395,0.72,82.0,0.0,82.0,0.0046153846153846,0.001720052300257,0.0076923076923076,0.5609999999999999,0.5529999999999999,0.0,0.0,2026-10-03 14:53:23.627805+00:00,eth0,connected,5 GHz,802.11ac,149,NORMAL
0.002,0.002,0.004,22.563,0.0,22.075,0,0,0,0,0,0,468.0,26.0,82.0,-61.0,0.0076923076923076,0.0028,0.000836660026534,0.004,11.4512,6.215987266717978,22.563,0.0,0.0,0.0,4.7324,9.69750350863561,22.075,82.0,0.0,82.0,0.0053846153846153,0.0021066252292351,0.0076923076923076,13.493,21.355,0.0,0.002,2026-10-03 14:53:27.134861+00:00,eth0,connected,5 GHz,802.11ac,149,CONGESTED
0.001,0.001,0.002,17.053,0.0,10.738,0,0,0,0,0,0,468.0,26.0,82.0,-61.0,0.0038461538461538,0.0026,0.0008944271909999,0.004,13.1574,6.379622818004211,22.563,0.0,0.0,0.0,6.7792,9.66187366404674,22.075,82.0,0.0,82.0,0.0053846153846153,0.0021066252292351,0.0076923076923076,-5.509999999999998,-11.337,0.0,-0.002,2026-10-03 14:53:28.996255+00:00,eth0,connected,5 GHz,802.11ac,149,WARNING
0.001,0.001,0.002,9.85,0.0,3.031,0,0,0,0,0,0,526.5,130.0,82.0,-61.0,0.0007692307692307,0.0024,0.0008944271909999,0.004,13.409,6.176120424667899,22.563,0.0,0.0,0.0,7.3462,9.25351618035004,22.075,82.0,0.0,82.0,0.004,0.0024567260719381,0.0076923076923076,-7.203000000000001,-7.706999999999999,0.0,0.0,2026-10-03 14:53:32.537335+00:00,eth0,connected,5 GHz,802.11ac,149,NORMAL
0.001,0.001,0.002,8.035,0.0,0.288,0,0,0,0,0,0,526.5,130.0,82.0,-61.0,0.0007692307692307,0.0024,0.0008944271909999,0.004,13.3142,6.2730135262089135,22.563,0.0,0.0,0.0,7.370399999999999,9.230175962569728,22.075,82.0,0.0,82.0,0.0033846153846153,0.0028575654860968,0.0076923076923076,-1.8149999999999995,-2.7430000000000003,0.0,0.0,2026-10-03 14:53:34.403275+00:00,eth0,connected,5 GHz,802.11ac,149,NORMAL
0.001,0.001,0.002,7.951,0.0,0.303,0,0,0,0,0,0,526.5,130.0,82.0,-61.0,0.0007692307692307,0.0024,0.0008944271909999,0.004,13.0904,6.478870333630701,22.563,0.0,0.0,0.0,7.287000000000001,9.306854167762594,22.075,82.0,0.0,82.0,0.0027692307692307,0.00305763183853,0.0076923076923076,-0.0840000000000005,0.015,0.0,0.0,2026-10-03 14:53:37.925120+00:00,eth0,connected,5 GHz,802.11ac,149,NORMAL
0.002,0.002,0.004,10.368,0.0,3.117,0,0,0,0,0,0,526.5,130.0,82.0,-61.0,0.0015384615384615,0.0024,0.0008944271909999,0.004,10.6514,3.7363334032176585,17.053,0.0,0.0,0.0,3.4954,4.2805648342245615,10.738,82.0,0.0,82.0,0.0015384615384615,0.0013323467877951,0.0038461538461538,2.4170000000000007,2.814,0.0,0.002,2026-10-03 14:53:39.801232+00:00,eth0,connected,5 GHz,802.11ac,149,NORMAL
0.002,0.002,0.004,8.804,0.0,0.251,0,0,0,0,0,0,526.5,130.0,82.0,-61.0,0.0015384615384615,0.0027999999999999,0.0010954451150103,0.004,9.0016,1.0798093813262024,10.368,0.0,0.0,0.0,1.398,1.5303907997632258,3.117,82.0,0.0,82.0,0.001076923076923,0.0004213250845272,0.0015384615384615,-1.564,-2.866,0.0,0.0,2026-10-03 14:53:43.309096+00:00,eth0,connected,5 GHz,802.11ac,149,NORMAL
0.001,0.001,0.002,8.616,0.0,0.332,0,0,0,0,0,0,526.5,130.0,82.0,-61.0,0.0007692307692307,0.0028,0.0010954451150103,0.004,8.7548,0.9731786578013724,10.368,0.0,0.0,0.0,0.8581999999999999,1.2630450110743954,3.117,82.0,0.0,82.0,0.001076923076923,0.0004213250845272,0.0015384615384615,-0.1880000000000006,0.081,0.0,-0.002,2026-10-03 14:53:45.178046+00:00,eth0,connected,5 GHz,802.11ac,149,NORMAL
0.001,0.001,0.002,10.079,0.0,2.77,0,0,0,0,0,0,526.5,130.0,82.0,-61.0,0.0007692307692307,0.0027999999999999,0.0010954451150103,0.004,9.1636,1.0232440080450385,10.368,0.0,0.0,0.0,1.3546,1.4559290161267908,3.117,82.0,0.0,82.0,0.001076923076923,0.0004213250845272,0.0015384615384615,1.463000000000001,2.438,0.0,0.0,2026-10-03 14:53:48.736561+00:00,eth0,connected,5 GHz,802.11ac,149,NORMAL
0.001,0.001,0.002,8.416,0.0,0.39,0,0,0,0,0,0,526.5,130.0,82.0,-61.0,0.0007692307692307,0.0028,0.0010954451150103,0.004,9.2566,0.8990794180716588,10.368,0.0,0.0,0.0,1.372,1.4406590505737038,3.117,82.0,0.0,82.0,0.001076923076923,0.0004213250845272,0.0015384615384615,-1.6630000000000005,-2.38,0.0,0.0,2026-10-03 14:53:50.583720+00:00,eth0,connected,5 GHz,802.11ac,149,NORMAL
0.001,0.001,0.002,8.316,0.0,0.25,0,0,0,0,0,0,585.0,130.0,82.0,-61.0,0.0007692307692307,0.0024,0.0008944271909999,0.004,8.846200000000001,0.7142745970563967,10.079,0.0,0.0,0.0,0.7986,1.103620768198895,2.77,82.0,0.0,82.0,0.0009230769230769,0.0003440105074243,0.0015384615384615,-0.0999999999999996,-0.14,0.0,0.0,2026-10-03 14:53:54.143885+00:00,eth0,connected,5 GHz,802.11ac,149,NORMAL
0.001,0.001,0.002,15.602,0.0,12.129,0,0,0,0,0,0,585.0,130.0,82.0,-61.0,0.0007692307692307,0.002,0.0,0.002,10.2058,3.099888901235021,15.602,0.0,0.0,0.0,3.1742,5.116948231123698,12.129,82.0,0.0,82.0,0.0007692307692307,1.8425965930802813e-07,0.0007692307692307,7.286,11.879,0.0,0.0,2026-10-03 14:53:56.005332+00:00,eth0,connected,5 GHz,802.11ac,149,WARNING
0.001,0.001,0.002,9.025,0.0,0.015,0,0,0,0,0,0,585.0,130.0,82.0,-61.0,0.0007692307692307,0.002,0.0,0.002,10.2876,3.052483136726567,15.602,0.0,0.0,0.0,3.1108,5.162726576141713,12.129,82.0,0.0,82.0,0.0007692307692307,1.8425965930802813e-07,0.0007692307692307,-6.577,-12.114,0.0,0.0,2026-10-03 14:53:59.557902+00:00,eth0,connected,5 GHz,802.11ac,149,NORMAL
0.001,0.001,0.002,9.768,0.0,2.454,0,0,0,0,0,0,585.0,130.0,82.0,-61.0,0.0007692307692307,0.002,0.0,0.002,10.2254,3.0609532502147205,15.602,0.0,0.0,0.0,3.0476,5.169870723722204,12.129,82.0,0.0,82.0,0.0007692307692307,1.8425965930802813e-07,0.0007692307692307,0.7430000000000003,2.439,0.0,0.0,2026-10-03 14:54:01.360000+00:00,eth0,connected,5 GHz,802.11ac,149,NORMAL
0.002,0.002,0.004,8.206,0.0,0.151,0,0,0,0,0,0,526.5,130.0,82.0,-61.0,0.0015384615384615,0.0024,0.0008944271909999,0.004,10.1834,3.0932574739261622,15.602,0.0,0.0,0.0,2.9998,5.201593092505404,12.129,82.0,0.0,82.0,0.0009230769230769,0.0003440105074243,0.0015384615384615,-1.5620000000000012,-2.3030000000000004,0.0,0.002,2026-10-03 14:54:04.928341+00:00,eth0,connected,5 GHz,802.11ac,149,NORMAL
0.002,0.002,0.004,8.336,0.0,0.26,0,0,0,0,0,0,526.5,130.0,82.0,-61.0,0.0015384615384615,0.0028,0.0010954451150103,0.004,10.1874,3.090250442925308,15.602,0.0,0.0,0.0,3.0018,5.200273233206111,12.129,82.0,0.0,82.0,0.001076923076923,0.0004213250845272,0.0015384615384615,0.1300000000000007,0.109,0.0,0.0,2026-10-03 14:54:06.734937+00:00,eth0,connected,5 GHz,802.11ac,149,NORMAL
0.001,0.001,0.002,9.509,0.0,1.792,0,0,0,0,0,0,526.5,130.0,82.0,-61.0,0.0007692307692307,0.0027999999999999,0.0010954451150103,0.004,8.9688,0.6920973197463445,9.768,0.0,0.0,0.0,0.9344,1.1133832673432436,2.454,82.0,0.0,82.0,0.001076923076923,0.0004213250845272,0.0015384615384615,1.173,1.532,0.0,-0.002,2026-10-03 14:54:10.431402+00:00,eth0,connected,5 GHz,802.11ac,149,NORMAL
0.001,0.001,0.002,8.655,0.0,0.698,0,0,0,0,0,0,526.5,130.0,82.0,-61.0,0.0007692307692307,0.0028,0.0010954451150103,0.004,8.8948,0.7042596822196162,9.768,0.0,0.0,0.0,1.0710000000000002,1.0094280558811102,2.454,82.0,0.0,82.0,0.001076923076923,0.0004213250845272,0.0015384615384615,-0.854000000000001,-1.094,0.0,0.0,2026-10-03 14:54:12.158004+00:00,eth0,connected,5 GHz,802.11ac,149,NORMAL
0.001,0.001,0.002,9.248,0.0,0.343,0,0,0,0,0,0,526.5,130.0,82.0,-61.0,0.0007692307692307,0.0027999999999999,0.0010954451150103,0.004,8.7908,0.5683570180793722,9.509,0.0,0.0,0.0,0.6488,0.6711577310885374,1.792,82.0,0.0,82.0,0.001076923076923,0.0004213250845272,0.0015384615384615,0.593,-0.3549999999999999,0.0,0.0,2026-10-03 14:54:15.787924+00:00,eth0,connected,5 GHz,802.11ac,149,NORMAL
0.001,0.001,0.002,8.369,0.0,0.109,0,0,0,0,0,0,526.5,130.0,82.0,-61.0,0.0007692307692307,0.0024,0.0008944271909999,0.004,8.8234,0.5297945828338331,9.509,0.0,0.0,0.0,0.6404000000000001,0.6791607320803473,1.792,82.0,0.0,82.0,0.0009230769230769,0.0003440105074243,0.0015384615384615,-0.8789999999999996,-0.234,0.0,0.0,2026-10-03 14:54:17.579306+00:00,eth0,connected,5 GHz,802.11ac,149,NORMAL
0.001,0.001,0.002,8.289,0.0,0.662,0,0,0,0,0,0,526.5,130.0,82.0,-61.0,0.0007692307692307,0.002,0.0,0.002,8.814,0.5409047975384165,9.509,0.0,0.0,0.0,0.7208,0.6458480471441516,1.792,82.0,0.0,82.0,0.0007692307692307,1.8425965930802813e-07,0.0007692307692307,-0.08,0.553,0.0,0.0,2026-10-03 14:54:21.175661+00:00,eth0,connected,5 GHz,802.11ac,149,NORMAL
0.002,0.002,0.004,10.262,0.0,3.75,0,0,0,0,0,0,526.5,130.0,82.0,-61.0,0.0015384615384615,0.0024,0.0008944271909999,0.004,8.9646,0.8170968730818123,10.262,0.0,0.0,0.0,1.1124,1.4941811469831623,3.75,82.0,0.0,82.0,0.0009230769230769,0.0003440105074243,0.0015384615384615,1.9730000000000008,3.088,0.0,0.002,2026-10-03 14:54:23.045731+00:00,eth0,connected,5 GHz,802.11ac,149,NORMAL
0.002,0.002,0.004,10.126,0.0,3.821,0,0,0,0,0,0,526.5,130.0,82.0,-61.0,0.0015384615384615,0.0027999999999999,0.0010954451150103,0.004,9.2588,0.9341866515852568,10.262,0.0,0.0,0.0,1.737,1.880456726436406,3.821,82.0,0.0,82.0,0.001076923076923,0.0004213250845272,0.0015384615384615,-0.136000000000001,0.0710000000000001,0.0,0.0,2026-10-03 14:54:26.595880+00:00,eth0,connected,5 GHz,802.11ac,149,NORMAL
0.002,6.466,6.468,8.165,0.0,0.418,0,0,0,0,0,0,468.0,130.0,82.0,-61.0,4.973846153846154,1.2959999999999998,2.891236067843648,6.468,9.0422,1.0550500935974914,10.262,0.0,0.0,0.0,1.7520000000000002,1.8668067655758924,3.821,82.0,0.0,82.0,0.9956923076923077,2.2238556394976454,4.973846153846154,-1.9610000000000003,-3.403,0.0,6.464,2026-10-03 14:54:28.425243+00:00,eth0,connected,5 GHz,802.11ac,149,NORMAL
0.002,19.663,19.665,8.408,0.0,0.623,0,0,0,0,0,0,468.0,130.0,82.0,-61.0,15.125384615384617,5.2286,8.541896674626777,19.665,9.05,1.048955432799733,10.262,0.0,0.0,0.0,1.8548,1.7650936802334107,3.821,82.0,0.0,82.0,4.020615384615384,6.570572088788353,15.125384615384617,0.2430000000000003,0.205,0.0,13.197,2026-10-03 14:54:32.016882+00:00,eth0,connected,5 GHz,802.11ac,149,NORMAL
0.001,19.999,20.0,11.143,0.0,3.889,0,0,0,0,0,0,468.0,130.0,82.0,-61.0,15.383846153846154,9.2282,10.034302477003571,20.0,9.6208,1.281960880838442,11.143,0.0,0.0,0.0,2.5002,1.8093310089643448,3.889,82.0,0.0,82.0,7.0972307692307695,7.7189006598381456,15.383846153846154,2.735000000000001,3.266,0.0,0.3350000000000008,2026-10-03 14:54:33.868602+00:00,eth0,connected,5 GHz,802.11ac,149,NORMAL
0.001,19.995,19.996,8.692,0.0,1.13,0,0,0,0,0,0,526.5,130.0,82.0,-61.0,15.380769230769232,13.2266,9.40309182131069,20.0,9.3068,1.2779130252094917,11.143,0.0,0.0,0.0,1.9762,1.7347393752376543,3.889,82.0,0.0,82.0,10.173076923076923,7.233424532914742,15.383846153846154,-2.4510000000000005,-2.759,0.0,-0.0039999999999977,2026-10-03 14:54:37.373233+00:00,eth0,connected,5 GHz,802.11ac,149,NORMAL
0.001,19.994,19.995,13.389,0.0,8.784,0,0,0,0,0,0,526.5,130.0,82.0,-61.0,15.38,17.2248,6.014952510203217,20.0,9.9594,2.2581010384834586,13.389,0.0,0.0,0.0,2.9688000000000003,3.537437730900707,8.784,82.0,0.0,82.0,13.24876923076923,4.62715245291154,15.383846153846154,4.696999999999999,7.654000000000001,0.0,-0.0010000000000012,2026-10-03 14:54:39.230367+00:00,eth0,connected,5 GHz,802.11ac,149,NORMAL
0.001,19.994,19.995,8.123,0.0,0.081,0,0,0,0,0,0,526.5,130.0,82.0,-61.0,15.38,19.9302,0.1482656399843396,20.0,9.951,2.266507335086316,13.389,0.0,0.0,0.0,2.9014,3.600831751137498,8.784,82.0,0.0,82.0,15.330000000000002,0.1143944695981172,15.383846153846154,-5.266,-8.703000000000001,0.0,0.0,2026-10-03 14:54:42.762646+00:00,eth0,connected,5 GHz,802.11ac,149,NORMAL
0.002,19.993,19.995,8.491,0.0,0.176,0,0,0,0,0,0,526.5,130.0,82.0,-61.0,15.379230769230768,19.9962,0.0021679483308264,20.0,9.9676,2.2526426258952115,13.389,0.0,0.0,0.0,2.8120000000000003,3.6762988861081385,8.784,82.0,0.0,82.0,15.380769230769229,0.0018040060832368,15.383846153846154,0.3680000000000003,0.0949999999999999,0.0,-3.552713678800501e-15,2026-10-03 14:54:44.606552+00:00,eth0,connected,5 GHz,802.11ac,149,NORMAL
0.001,19.972,19.973000000000003,8.077,25.0,0.222,0,0,0,0,0,0,130.0,130.0,82.0,-53.0,15.363076923076925,19.9908,0.009959919676641,19.996,9.3544,2.2699299108122424,13.389,5.0,11.180339887498947,25.0,2.0786,3.7722502303002026,8.784,82.0,0.0,82.0,15.376615384615386,0.0075877509563466,15.380769230769232,-0.4139999999999997,0.046,25.0,-0.0219999999999949,2026-10-03 14:54:48.194966+00:00,eth0,connected,2.4 GHz,802.11n,11,CONGESTED
0.002,19.975,19.977,11.03,0.0,3.914,0,0,0,0,0,0,130.0,130.0,82.0,-53.0,15.365384615384617,19.987,0.01104536101561,19.995,9.822,2.339120561236652,13.389,5.0,11.180339887498947,25.0,2.6354,3.80257173502354,8.784,82.0,0.0,82.0,15.373538461538462,0.0085415794768958,15.38,2.9529999999999994,3.692,-25.0,0.0039999999999977,2026-10-03 14:54:49.959075+00:00,eth0,connected,2.4 GHz,802.11n,11,NORMAL
0.002,19.997,19.999,8.824,0.0,0.355,0,0,0,0,0,0,130.0,130.0,86.0,-53.0,15.382307692307691,19.9878,0.0118827606205433,19.999,8.909,1.223786133276595,11.03,5.0,11.180339887498947,25.0,0.9496,1.66008593151075,3.914,82.8,1.7888543819998326,86.0,15.374,0.0090265879500121,15.382307692307691,-2.2059999999999995,-3.559,0.0,0.0219999999999984,2026-10-03 14:54:54.735811+00:00,eth0,connected,2.4 GHz,802.11n,11,NORMAL
0.001,19.994,19.995,8.93,0.0,0.391,0,0,0,0,0,0,130.0,130.0,86.0,-53.0,15.38,19.9878,0.0118827606205433,19.999,9.0704,1.1448804741107597,11.03,5.0,11.180339887498947,25.0,1.0116,1.6249530147053222,3.914,83.6,2.190890230020666,86.0,15.374,0.0090265879500121,15.382307692307691,0.1059999999999998,0.036,0.0,-0.0039999999999977,2026-10-03 14:54:55.345328+00:00,eth0,connected,2.4 GHz,802.11n,11,NORMAL
0.003,7.412,7.415,11.714,0.0,5.687,0,0,0,0,0,0,144.4,26.0,86.0,-53.0,28.507692307692302,17.4718,5.621933226213202,19.999,9.715,1.56671439643608,11.714,5.0,11.180339887498947,25.0,2.1138000000000003,2.532232355057475,5.687,84.4,2.190890230020666,86.0,17.999692307692307,5.874156784509089,28.507692307692302,2.7840000000000007,5.296,0.0,-12.580000000000002,2026-10-03 14:55:00.125805+00:00,eth0,connected,2.4 GHz,802.11n,11,NORMAL
0.003,5.153,5.156,9.95,0.0,1.251,0,0,0,0,0,0,144.4,26.0,86.0,-53.0,19.819230769230767,14.5084,7.548820490646205,19.999,10.0896,1.2736690307925624,11.714,0.0,0.0,0.0,2.3196000000000003,2.3771070232532505,5.687,85.2,1.7888543819998326,86.0,18.89092307692308,5.709868427172502,28.507692307692302,-1.7640000000000011,-4.436,0.0,-2.2590000000000003,2026-10-03 14:55:00.734840+00:00,eth0,connected,2.4 GHz,802.11n,11,NORMAL
0.002,0.001,0.003,9.298,0.0,0.462,0,0,0,0,0,0,117.0,26.0,86.0,-53.0,0.0038461538461538,10.5136,9.064321143913649,19.999,9.743199999999998,1.1865121996844656,11.714,0.0,0.0,0.0,1.6291999999999998,2.298252423037975,5.687,86.0,0.0,86.0,15.818615384615384,10.338124470810197,28.507692307692302,-0.6519999999999992,-0.7889999999999999,0.0,-5.153,2026-10-03 14:55:05.576167+00:00,eth0,connected,2.4 GHz,802.11n,11,NORMAL
0.002,0.001,0.003,9.427,0.0,0.183,0,0,0,0,0,0,117.0,26.0,86.0,-53.0,0.0038461538461538,6.5144,8.203346378155688,19.995,9.8638,1.0969932543092815,11.714,0.0,0.0,0.0,1.5948,2.323243895935148,5.687,86.0,0.0,86.0,12.742923076923075,12.551139548443285,28.507692307692302,0.1289999999999995,-0.279,0.0,0.0,2026-10-03 14:55:06.192353+00:00,eth0,connected,2.4 GHz,802.11n,11,NORMAL
0.002,0.002,0.004,8.682,0.0,0.203,0,0,0,0,0,0,144.4,26.0,86.0,-53.0,0.0076923076923076,2.5162000000000004,3.5323604997225377,7.415,9.8142,1.1539004289799308,11.714,0.0,0.0,0.0,1.5572,2.348975989660159,5.687,86.0,0.0,86.0,9.668461538461536,13.58394985955787,28.507692307692302,-0.7449999999999992,0.02,0.0,0.001,2026-10-03 14:55:10.969270+00:00,eth0,connected,2.4 GHz,802.11n,11,NORMAL
0.002,0.002,0.004,9.195,0.0,1.022,0,0,0,0,0,0,144.4,26.0,86.0,-53.0,0.0076923076923076,1.0340000000000007,2.304268105060708,5.156,9.3104,0.455807305777421,9.95,0.0,0.0,0.0,0.6242,0.4872111451926316,1.251,86.0,0.0,86.0,3.9684615384615385,8.860849582598943,19.819230769230767,0.5129999999999999,0.819,0.0,0.0,2026-10-03 14:55:11.606315+00:00,eth0,connected,2.4 GHz,802.11n,11,NORMAL
0.001,0.001,0.002,11.163,0.0,4.039,0,0,0,0,0,0,144.4,26.0,86.0,-53.0,0.0038461538461538,0.0032000000000007,0.0008366600696823,0.004,9.553,0.9433724079069036,11.163,0.0,0.0,0.0,1.1818,1.6327041066892432,4.039,86.0,0.0,86.0,0.0053846153846153,0.0021066252463801,0.0076923076923076,1.968,3.0169999999999995,0.0,-0.002,2026-10-03 14:55:16.344310+00:00,eth0,connected,2.4 GHz,802.11n,11,NORMAL
0.001,0.001,0.002,8.514,0.0,0.447,0,0,0,0,0,0,144.4,26.0,86.0,-53.0,0.0038461538461538,0.0030000000000007,0.0010000000361009,0.004,9.3962,1.054913598357738,11.163,0.0,0.0,0.0,1.1788,1.63437027628378,4.039,86.0,0.0,86.0,0.0053846153846153,0.0021066252463801,0.0076923076923076,-2.649000000000001,-3.592,0.0,0.0,2026-10-03 14:55:16.980371+00:00,eth0,connected,2.4 GHz,802.11n,11,NORMAL
0.001,0.001,0.002,10.187,0.0,0.773,0,0,0,0,0,0,78.0,78.0,85.0,-53.0,0.0012820512820512,0.0028000000000007,0.0010954451479663,0.004,9.5482,1.1135828213474153,11.163,0.0,0.0,0.0,1.2968,1.5642970306178814,4.039,85.8,0.4472135954999571,86.0,0.0048717948717948,0.0027794209663717,0.0076923076923076,1.673,0.326,0.0,0.0,2026-10-03 14:55:21.780223+00:00,eth0,connected,2.4 GHz,802.11n,11,NORMAL
0.001,0.001,0.002,9.075,0.0,0.277,0,0,0,0,0,0,78.0,78.0,85.0,-53.0,0.0012820512820512,0.0024000000000007,0.0008944272313637,0.004,9.6268,1.0491654778918669,11.163,0.0,0.0,0.0,1.3116,1.5516603365427373,4.039,85.6,0.5477225575051643,86.0,0.0035897435897435,0.0026274232935343,0.0076923076923076,-1.112,-0.496,0.0,0.0,2026-10-03 14:55:22.302806+00:00,eth0,connected,2.4 GHz,802.11n,11,NORMAL
0.001,0.001,0.002,9.722,0.0,1.533,0,0,0,0,0,0,117.0,104.0,85.0,-53.0,0.0009615384615384,0.002,2.687134766396657e-07,0.002,9.7322,1.0210360914287353,11.163,0.0,0.0,0.0,1.4137999999999995,1.544629793834083,4.039,85.4,0.5477225575051643,86.0,0.0022435897435897,0.0014687742973605,0.0038461538461538,0.6470000000000002,1.2559999999999998,0.0,0.0,2026-10-03 14:55:27.276980+00:00,eth0,connected,2.4 GHz,802.11n,11,NORMAL
0.001,0.001,0.002,8.317,0.0,0.256,0,0,0,0,0,0,117.0,104.0,85.0,-53.0,0.0009615384615384,0.002,2.687134766396657e-07,0.002,9.163,0.79147299385391,10.187,0.0,0.0,0.0,0.6571999999999999,0.5315385216519263,1.533,85.2,0.4472135954999571,86.0,0.0016666666666666,0.0012288647555677,0.0038461538461538,-1.4049999999999994,-1.277,0.0,0.0,2026-10-03 14:55:27.754044+00:00,eth0,connected,2.4 GHz,802.11n,11,NORMAL
0.001,0.001,0.002,18.281,0.0,16.848,0,0,0,0,0,0,117.0,104.0,85.0,-53.0,0.0009615384615384,0.002,2.687134766396657e-07,0.002,11.1164,4.066435269372925,18.281,0.0,0.0,0.0,3.9373999999999993,7.235837774577311,16.848,85.0,0.0,85.0,0.0010897435897435,0.0001755524042849,0.0012820512820512,9.964,16.592,0.0,0.0,2026-10-03 14:55:32.733247+00:00,eth0,connected,2.4 GHz,802.11n,11,WARNING
0.002,0.002,0.004,8.894,0.0,0.564,0,0,0,0,0,0,117.0,104.0,85.0,-53.0,0.0019230769230769,0.0024000000000007,0.0008944272313637,0.004,10.8578,4.179847210126233,18.281,0.0,0.0,0.0,3.8956,7.259253701311171,16.848,85.0,0.0,85.0,0.0012179487179487,0.0004178977171606,0.0019230769230769,-9.387,-16.284,0.0,0.002,2026-10-03 14:55:33.144298+00:00,eth0,connected,2.4 GHz,802.11n,11,NORMAL
0.002,0.001,0.003,8.98,0.0,0.327,0,0,0,0,0,0,117.0,104.0,85.0,-53.0,0.0017094017094017,0.0026000000000007,0.0008944272313631,0.004,10.8388,4.190180270585032,18.281,0.0,0.0,0.0,3.905599999999999,7.253054480699833,16.848,85.0,0.0,85.0,0.0013034188034188,0.0004741954329607,0.0019230769230769,0.0860000000000003,-0.2369999999999999,0.0,-0.001,2026-10-03 14:55:38.157396+00:00,eth0,connected,2.4 GHz,802.11n,11,NORMAL
0.001,0.001,0.002,8.194,0.0,0.453,0,0,0,0,0,0,117.0,104.0,85.0,-53.0,0.0009615384615384,0.0026000000000007,0.0008944272313631,0.004,10.5332,4.344859341796931,18.281,0.0,0.0,0.0,3.6896,7.356716883229905,16.848,85.0,0.0,85.0,0.0013034188034188,0.0004741954329607,0.0019230769230769,-0.7859999999999996,0.126,0.0,-0.001,2026-10-03 14:55:38.590167+00:00,eth0,connected,2.4 GHz,802.11n,11,NORMAL
0.001,0.001,0.002,8.391,0.0,0.115,0,0,0,0,0,0,117.0,104.0,84.0,-53.0,0.0009615384615384,0.0026000000000007,0.0008944272313631,0.004,10.548,4.335539009165996,18.281,0.0,0.0,0.0,3.6614,7.373420393548704,16.848,84.8,0.4472135954999571,85.0,0.0013034188034188,0.0004741954329607,0.0019230769230769,0.1969999999999991,-0.338,0.0,0.0,2026-10-03 14:55:43.520032+00:00,eth0,connected,2.4 GHz,802.11n,11,NORMAL
0.001,0.001,0.002,8.731,0.0,0.371,0,0,0,0,0,0,117.0,104.0,84.0,-53.0,0.0009615384615384,0.0026000000000007,0.0008944272313631,0.004,8.638000000000002,0.3351469826808469,8.98,0.0,0.0,0.0,0.366,0.1668232597688785,0.564,84.6,0.5477225575051643,85.0,0.0013034188034188,0.0004741954329607,0.0019230769230769,0.3399999999999998,0.256,0.0,0.0,2026-10-03 14:55:43.944398+00:00,eth0,connected,2.4 GHz,802.11n,11,NORMAL
0.002,0.002,0.004,8.657,0.0,0.304,0,0,0,0,0,0,104.0,104.0,84.0,-53.0,0.0019230769230769,0.0026000000000007,0.0008944272313631,0.004,8.5906,0.3053216336915484,8.98,0.0,0.0,0.0,0.3139999999999999,0.1249399855927411,0.453,84.4,0.5477225575051643,85.0,0.0013034188034188,0.0004741954329607,0.0019230769230769,-0.0739999999999998,-0.067,0.0,0.002,2026-10-03 14:55:49.118008+00:00,eth0,connected,2.4 GHz,802.11n,11,NORMAL
0.002,0.002,0.004,9.374,0.0,1.593,0,0,0,0,0,0,104.0,104.0,84.0,-53.0,0.0019230769230769,0.0028000000000007,0.0010954451479663,0.004,8.6694,0.4483082644788912,9.374,0.0,0.0,0.0,0.5671999999999999,0.5868476804077155,1.593,84.2,0.4472135954999571,85.0,0.0013461538461538,0.0005266564061327,0.0019230769230769,0.7170000000000005,1.289,0.0,0.0,2026-10-03 14:55:49.434258+00:00,eth0,connected,2.4 GHz,802.11n,11,NORMAL
0.001,0.001,0.002,8.482,0.0,0.166,0,0,0,0,0,0,117.0,130.0,83.0,-53.0,0.0008547008547008,0.0028000000000007,0.0010954451479663,0.004,8.727,0.3861495824160312,9.374,0.0,0.0,0.0,0.5098,0.6142081894601501,1.593,83.8,0.4472135954999571,84.0,0.0013247863247863,0.0005479010116712,0.0019230769230769,-0.8920000000000012,-1.427,0.0,-0.002,2026-10-03 14:55:54.544605+00:00,eth0,connected,2.4 GHz,802.11n,11,NORMAL
0.001,0.001,0.002,9.152,0.0,0.605,0,0,0,0,0,0,117.0,130.0,83.0,-53.0,0.0008547008547008,0.0028000000000007,0.0010954451479663,0.004,8.8792,0.3702535617655477,9.374,0.0,0.0,0.0,0.6077999999999999,0.5731890613051827,1.593,83.6,0.5477225575051643,84.0,0.0013034188034188,0.0005673470187077,0.0019230769230769,0.6699999999999999,0.4389999999999999,0.0,0.0,2026-10-03 14:55:54.804666+00:00,eth0,connected,2.4 GHz,802.11n,11,NORMAL
0.001,0.001,0.002,8.672,0.0,0.224,0,0,0,0,0,0,130.0,130.0,83.0,-53.0,0.0007692307692307,0.0028000000000007,0.0010954451479663,0.004,8.8674,0.3770355420912918,9.374,0.0,0.0,0.0,0.5784,0.5918380690695016,1.593,83.4,0.5477225575051643,84.0,0.0012649572649572,0.0006017908267305,0.0019230769230769,-0.4799999999999986,-0.381,0.0,0.0,2026-10-03 14:55:59.991779+00:00,eth0,connected,2.4 GHz,802.11n,11,NORMAL
0.001,0.001,0.002,8.873,0.0,0.145,0,0,0,0,0,0,130.0,130.0,83.0,-53.0,0.0007692307692307,0.0024000000000007,0.0008944272313637,0.004,8.9106,0.3588367316762232,9.374,0.0,0.0,0.0,0.5466,0.6141199394254481,1.593,83.2,0.4472135954999571,84.0,0.001034188034188,0.0004987383786525,0.0019230769230769,0.2009999999999987,-0.079,0.0,0.0,2026-10-03 14:56:00.190003+00:00,eth0,connected,2.4 GHz,802.11n,11,NORMAL
0.001,0.001,0.002,8.595,0.0,0.377,0,0,0,0,0,0,144.4,130.0,83.0,-53.0,0.0007692307692307,0.002,2.6871347683667684e-07,0.002,8.7548,0.2638895602332063,9.152,0.0,0.0,0.0,0.3034,0.1914766304276172,0.605,83.0,0.0,83.0,0.0008034188034188,4.681502825367377e-05,0.0008547008547008,-0.2779999999999987,0.232,0.0,0.0,2026-10-03 14:56:05.597787+00:00,eth0,connected,2.4 GHz,802.11n,11,NORMAL
0.001,0.001,0.002,8.7,0.0,0.378,0,0,0,0,0,0,144.4,130.0,83.0,-53.0,0.0007692307692307,0.002,2.6871347683667684e-07,0.002,8.7984,0.2222775292288328,9.152,0.0,0.0,0.0,0.3458,0.1763170439858683,0.605,83.0,0.0,83.0,0.0007863247863247,3.822477363473348e-05,0.0008547008547008,0.1049999999999986,0.001,0.0,0.0,2026-10-03 14:56:05.714476+00:00,eth0,connected,2.4 GHz,802.11n,11,NORMAL
0.001,0.001,0.002,8.571,0.0,0.243,0,0,0,0,0,0,144.4,130.0,83.0,-53.0,0.0007692307692307,0.002,2.6871347683667684e-07,0.002,8.6822,0.1191582980747699,8.873,0.0,0.0,0.0,0.2734,0.1018886647273096,0.378,83.0,0.0,83.0,0.0007692307692307,3.2591016336525124e-07,0.0007692307692307,-0.1289999999999995,-0.135,0.0,0.0,2026-10-03 14:56:11.138611+00:00,eth0,connected,2.4 GHz,802.11n,11,NORMAL
0.001,0.002,0.003,8.305,0.0,0.278,0,0,0,0,0,0,144.4,130.0,83.0,-53.0,0.0015384615384615,0.0022000000000007,0.0004472136762286,0.003,8.6088,0.2073841845466439,8.873,0.0,0.0,0.0,0.2841999999999999,0.0981361299415979,0.378,83.0,0.0,83.0,0.0009230769230769,0.0003440106124571,0.0015384615384615,-0.266,0.035,0.0,0.001,2026-10-03 14:56:11.219049+00:00,eth0,connected,2.4 GHz,802.11n,11,NORMAL
0.002,0.001,0.003,9.012,0.0,0.608,0,0,0,0,0,0,144.4,130.0,83.0,-53.0,0.0013850415512465,0.0024000000000007,0.0005477226234189,0.003,8.6366,0.2554100624487537,9.012,0.0,0.0,0.0,0.3767999999999999,0.1424068116345381,0.608,83.0,0.0,83.0,0.00104623907948,0.0003831681421739,0.0015384615384615,0.7070000000000007,0.3299999999999999,0.0,0.0,2026-10-03 14:56:16.709321+00:00,eth0,connected,2.4 GHz,802.11n,11,NORMAL
0.001,0.001,0.002,9.331,0.0,0.373,0,0,0,0,0,0,144.4,130.0,83.0,-53.0,0.0007692307692307,0.0024000000000007,0.0005477226234189,0.003,8.7838,0.3978249615095494,9.331,0.0,0.0,0.0,0.376,0.142416642285636,0.608,83.0,0.0,83.0,0.00104623907948,0.0003831681421739,0.0015384615384615,0.318999999999999,-0.235,0.0,-0.001,2026-10-03 14:56:22.161636+00:00,eth0,connected,2.4 GHz,802.11n,11,NORMAL
0.001,0.001,0.002,9.104,0.0,0.644,0,0,0,0,0,0,144.4,130.0,83.0,-53.0,0.0007692307692307,0.0024000000000007,0.0005477226234189,0.003,8.8646,0.4171094580563637,9.331,0.0,0.0,0.0,0.4291999999999999,0.1862785548578128,0.644,83.0,0.0,83.0,0.00104623907948,0.0003831681421739,0.0015384615384615,-0.2270000000000003,0.271,0.0,0.0,2026-10-03 14:56:27.582589+00:00,eth0,connected,2.4 GHz,802.11n,11,NORMAL
0.001,0.001,0.002,8.981,0.0,0.666,0,0,0,0,0,0,144.4,130.0,83.0,-53.0,0.0007692307692307,0.0024000000000007,0.0005477226234189,0.003,8.9466,0.3839430947420104,9.331,0.0,0.0,0.0,0.5138,0.176363828490753,0.666,83.0,0.0,83.0,0.00104623907948,0.0003831681421739,0.0015384615384615,-0.1229999999999993,0.022,0.0,0.0,2026-10-03 14:56:33.000062+00:00,eth0,connected,2.4 GHz,802.11n,11,NORMAL
0.001,0.001,0.002,9.669,0.0,0.643,0,0,0,0,0,0,144.4,130.0,83.0,-53.0,0.0007692307692307,0.0022000000000007,0.0004472136762286,0.003,9.219399999999998,0.2862521615640112,9.669,0.0,0.0,0.0,0.5868,0.1213082849599163,0.666,83.0,0.0,83.0,0.0008923929256339,0.0002753991468148,0.0013850415512465,0.6880000000000006,-0.023,0.0,0.0,2026-10-03 14:56:38.395868+00:00,eth0,connected,2.4 GHz,802.11n,11,NORMAL
0.001,0.001,0.002,32.702,0.0,40.351,0,0,0,0,0,0,144.4,130.0,83.0,-53.0,0.0007692307692307,0.002,2.6871347683667684e-07,0.002,13.957399999999998,10.481817938697464,32.702,0.0,0.0,0.0,8.5354,17.785870833332844,40.351,83.0,0.0,83.0,0.0007692307692307,3.2591016333130465e-07,0.0007692307692307,23.033,39.708,0.0,0.0,2026-10-03 14:56:43.776119+00:00,eth0,connected,2.4 GHz,802.11n,11,CONGESTED
0.001,0.001,0.002,9.879,0.0,0.74,0,0,0,0,0,0,144.4,130.0,83.0,-53.0,0.0007692307692307,0.002,2.6871347683667684e-07,0.002,14.066999999999998,10.424055568731392,32.702,0.0,0.0,0.0,8.6088,17.744473469224157,40.351,83.0,0.0,83.0,0.0007692307692307,3.2591016333130465e-07,0.0007692307692307,-22.823,-39.611,0.0,0.0,2026-10-03 14:56:49.173377+00:00,eth0,connected,2.4 GHz,802.11n,11,NORMAL
0.001,0.001,0.002,8.853,0.0,0.379,0,0,0,0,0,0,144.4,130.0,83.0,-53.0,0.0007692307692307,0.002,2.6871347683667684e-07,0.002,14.0168,10.45449143669839,32.702,0.0,0.0,0.0,8.5558,17.77458071798038,40.351,83.0,0.0,83.0,0.0007692307692307,3.2591016333130465e-07,0.0007692307692307,-1.0259999999999998,-0.361,0.0,0.0,2026-10-03 14:56:54.546608+00:00,eth0,connected,2.4 GHz,802.11n,11,NORMAL
0.001,0.001,0.002,8.982,0.0,0.617,0,0,0,0,0,0,144.4,65.0,85.0,-53.0,0.0015384615384615,0.002,2.6871347683667684e-07,0.002,14.017,10.454371023643647,32.702,0.0,0.0,0.0,8.546,17.780030933606387,40.351,83.4,0.8944271909999143,85.0,0.0009230769230769,0.0003440106124571,0.0015384615384615,0.1289999999999995,0.238,0.0,0.0,2026-10-03 14:56:59.904693+00:00,eth0,connected,2.4 GHz,802.11n,11,NORMAL
0.001,0.001,0.002,9.313,0.0,0.525,0,0,0,0,0,0,144.4,65.0,85.0,-53.0,0.0015384615384615,0.002,2.6871347683667684e-07,0.002,13.9458,10.492528994479832,32.702,0.0,0.0,0.0,8.522400000000001,17.79321673559899,40.351,83.8,1.095445115010331,85.0,0.001076923076923,0.000421325170285,0.0015384615384615,0.3310000000000013,-0.0919999999999999,0.0,0.0,2026-10-03 14:57:05.291688+00:00,eth0,connected,2.4 GHz,802.11n,11,NORMAL
0.001,0.001,0.002,8.569,0.0,0.44,0,0,0,0,0,0,130.0,65.0,85.0,-53.0,0.0015384615384615,0.002,2.6871347683667684e-07,0.002,9.1192,0.5018119169569858,9.879,0.0,0.0,0.0,0.5402,0.1432434989797096,0.74,84.2,1.095445115010331,85.0,0.0012307692307692,0.0004213251702844,0.0015384615384615,-0.7439999999999998,-0.085,0.0,0.0,2026-10-03 14:57:10.721923+00:00,eth0,connected,2.4 GHz,802.11n,11,NORMAL
0.001,0.001,0.002,9.175,0.0,0.478,0,0,0,0,0,0,130.0,65.0,85.0,-53.0,0.0015384615384615,0.002,2.6871347683667684e-07,0.002,8.9784,0.2889442852870554,9.313,0.0,0.0,0.0,0.4878,0.0898537700931351,0.617,84.6,0.8944271909999143,85.0,0.0013846153846153,0.0003440106124547,0.0015384615384615,0.6059999999999999,0.0379999999999999,0.0,0.0,2026-10-03 14:57:16.116652+00:00,eth0,connected,2.4 GHz,802.11n,11,NORMAL
0.001,0.001,0.002,9.64,0.0,0.512,0,0,0,0,0,0,130.0,130.0,84.0,-53.0,0.0007692307692307,0.002,2.6871347683667684e-07,0.002,9.1358,0.3975144022548675,9.64,0.0,0.0,0.0,0.5144,0.0661536091226323,0.617,84.8,0.4472135954999571,85.0,0.0013846153846153,0.0003440106124547,0.0015384615384615,0.4649999999999998,0.034,0.0,0.0,2026-10-03 14:57:21.551214+00:00,eth0,connected,2.4 GHz,802.11n,11,NORMAL
0.001,0.001,0.002,9.708,0.0,0.462,0,0,0,0,0,0,144.4,65.0,84.0,-53.0,0.0015384615384615,0.002,2.6871347683667684e-07,0.002,9.281,0.4556352708033503,9.708,0.0,0.0,0.0,0.4834,0.0350685043871275,0.525,84.6,0.5477225575051643,85.0,0.0013846153846153,0.0003440106124547,0.0015384615384615,0.0679999999999996,-0.0499999999999999,0.0,0.0,2026-10-03 14:57:26.966958+00:00,eth0,connected,2.4 GHz,802.11n,11,NORMAL
0.001,0.001,0.002,8.988,0.0,0.139,0,0,0,0,0,0,144.4,65.0,84.0,-53.0,0.0015384615384615,0.002,2.6871347683667684e-07,0.002,9.216,0.472788007462164,9.708,0.0,0.0,0.0,0.4062,0.1516581682599056,0.512,84.4,0.5477225575051643,85.0,0.0013846153846153,0.0003440106124547,0.0015384615384615,-0.7200000000000006,-0.323,0.0,0.0,2026-10-03 14:57:32.382898+00:00,eth0,connected,2.4 GHz,802.11n,11,NORMAL
0.001,0.001,0.002,9.449,0.0,0.503,0,0,0,0,0,0,144.4,65.0,85.0,-53.0,0.0015384615384615,0.002,2.6871347683667684e-07,0.002,9.392,0.306151106481818,9.708,0.0,0.0,0.0,0.4188,0.1576664200137425,0.512,84.4,0.5477225575051643,85.0,0.0013846153846153,0.0003440106124547,0.0015384615384615,0.4610000000000003,0.364,0.0,0.0,2026-10-03 14:57:37.815514+00:00,eth0,connected,2.4 GHz,802.11n,11,NORMAL
0.001,0.001,0.002,8.675,0.0,0.562,0,0,0,0,0,0,144.4,65.0,85.0,-53.0,0.0015384615384615,0.002,2.6871347683667684e-07,0.002,9.292,0.4449477497415203,9.708,0.0,0.0,0.0,0.4356,0.1695768262468368,0.562,84.4,0.5477225575051643,85.0,0.0013846153846153,0.0003440106124547,0.0015384615384615,-0.7739999999999991,0.059,0.0,0.0,2026-10-03 14:57:43.223788+00:00,eth0,connected,2.4 GHz,802.11n,11,NORMAL
0.001,0.001,0.002,20.636,0.0,19.33,0,0,0,0,0,0,144.4,65.0,85.0,-58.0,0.0015384615384615,0.002,2.6871347683667684e-07,0.002,11.4912,5.127736898476756,20.636,0.0,0.0,0.0,4.199199999999999,8.459966235157204,19.33,84.6,0.5477225575051643,85.0,0.0015384615384615,3.2590597219033776e-07,0.0015384615384615,11.961,18.768,0.0,0.0,2026-10-03 14:57:48.663536+00:00,eth0,connected,2.4 GHz,802.11n,11,WARNING
0.001,0.001,0.002,38.984,0.0,50.39,0,0,0,0,0,0,144.4,65.0,85.0,-57.0,0.0015384615384615,0.002,2.6871347683667684e-07,0.002,17.3464,13.09992516390838,38.984,0.0,0.0,0.0,14.1848,21.836588669020628,50.39,84.8,0.4472135954999571,85.0,0.0015384615384615,3.2590597219033776e-07,0.0015384615384615,18.348000000000003,31.06,0.0,0.0,2026-10-03 14:57:54.191164+00:00,eth0,connected,2.4 GHz,802.11n,11,CONGESTED
0.001,0.001,0.002,8.985,0.0,0.605,0,0,0,0,0,0,144.4,65.0,85.0,-57.0,0.0015384615384615,0.002,2.6871347683667684e-07,0.002,17.3458,13.100403760953323,38.984,0.0,0.0,0.0,14.278,21.76252201607157,50.39,85.0,0.0,85.0,0.0015384615384615,3.2590597219033776e-07,0.0015384615384615,-29.999,-49.785,0.0,0.0,2026-10-03 14:57:59.558822+00:00,eth0,connected,2.4 GHz,802.11n,11,NORMAL
0.001,0.001,0.002,9.178,0.0,1.208,0,0,0,0,0,0,117.0,65.0,84.0,-57.0,0.0015384615384615,0.002,2.6871347683667684e-07,0.002,17.2916,13.141738214558986,38.984,0.0,0.0,0.0,14.419,21.65296935757311,50.39,84.8,0.4472135954999571,85.0,0.0015384615384615,3.2590597219033776e-07,0.0015384615384615,0.1930000000000014,0.603,0.0,0.0,2026-10-03 14:58:05.025354+00:00,eth0,connected,2.4 GHz,802.11n,11,NORMAL
0.001,0.001,0.002,9.198,0.0,0.853,0,0,0,0,0,0,144.4,65.0,84.0,-57.0,0.0015384615384615,0.002,2.6871347683667684e-07,0.002,17.3962,13.057823256576878,38.984,0.0,0.0,0.0,14.477200000000002,21.606754145405556,50.39,84.6,0.5477225575051643,85.0,0.0015384615384615,3.2590597219033776e-07,0.0015384615384615,0.0199999999999995,-0.355,0.0,0.0,2026-10-03 14:58:10.414857+00:00,eth0,connected,2.4 GHz,802.11n,11,NORMAL
0.001,0.001,0.002,8.547,0.0,0.17,0,0,0,0,0,0,144.4,65.0,84.0,-57.0,0.0015384615384615,0.002,2.6871347683667684e-07,0.002,14.9784,13.422092284737133,38.984,0.0,0.0,0.0,10.6452,22.22123130476797,50.39,84.4,0.5477225575051643,85.0,0.0015384615384615,3.2590597219033776e-07,0.0015384615384615,-0.6509999999999998,-0.6829999999999999,0.0,0.0,2026-10-03 14:58:15.774717+00:00,eth0,connected,2.4 GHz,802.11n,11,NORMAL
0.001,0.001,0.002,9.353,0.0,0.604,0,0,0,0,0,0,117.0,65.0,84.0,-57.0,0.0015384615384615,0.002,2.6871347683667684e-07,0.002,9.0522,0.3111698892889483,9.353,0.0,0.0,0.0,0.688,0.3807538574986496,1.208,84.2,0.4472135954999571,85.0,0.0015384615384615,3.2590597219033776e-07,0.0015384615384615,0.8059999999999992,0.4339999999999999,0.0,0.0,2026-10-03 14:58:21.197618+00:00,eth0,connected,2.4 GHz,802.11n,11,NORMAL
0.001,0.001,0.002,8.686,0.0,0.2,0,0,0,0,0,0,144.4,65.0,84.0,-57.0,0.0015384615384615,0.002,2.6871347683667684e-07,0.002,8.9924,0.3532043317969039,9.353,0.0,0.0,0.0,0.607,0.4411190315550916,1.208,84.0,0.0,84.0,0.0015384615384615,3.2590597219033776e-07,0.0015384615384615,-0.6669999999999998,-0.4039999999999999,0.0,0.0,2026-10-03 14:58:26.583233+00:00,eth0,connected,2.4 GHz,802.11n,11,NORMAL
0.001,0.001,0.002,8.707,0.0,0.238,0,0,0,0,0,0,130.0,130.0,84.0,-57.0,0.0007692307692307,0.002,2.6871347683667684e-07,0.002,8.898200000000001,0.3541365555828695,9.353,0.0,0.0,0.0,0.413,0.3021274565478976,0.853,84.0,0.0,84.0,0.0013846153846153,0.0003440106124547,0.0015384615384615,0.0210000000000007,0.0379999999999999,0.0,0.0,2026-10-03 14:58:31.900946+00:00,eth0,connected,2.4 GHz,802.11n,11,NORMAL
0.001,0.001,0.002,8.243,0.0,0.145,0,0,0,0,0,0,144.4,65.0,84.0,-57.0,0.0015384615384615,0.002,2.6871347683667684e-07,0.002,8.7072,0.4057871363166925,9.353,0.0,0.0,0.0,0.2714,0.1891396309611014,0.604,84.0,0.0,84.0,0.0013846153846153,0.0003440106124547,0.0015384615384615,-0.4640000000000004,-0.093,0.0,0.0,2026-10-03 14:58:37.268544+00:00,eth0,connected,2.4 GHz,802.11n,11,NORMAL
0.001,0.001,0.002,8.424,0.0,0.24,0,0,0,0,0,0,144.4,65.0,84.0,-57.0,0.0015384615384615,0.002,2.6871347683667684e-07,0.002,8.682599999999999,0.4213564998906536,9.353,0.0,0.0,0.0,0.2854,0.182221842818312,0.604,84.0,0.0,84.0,0.0013846153846153,0.0003440106124547,0.0015384615384615,0.1809999999999991,0.095,0.0,0.0,2026-10-03 14:58:42.658172+00:00,eth0,connected,2.4 GHz,802.11n,11,NORMAL
0.001,0.001,0.002,8.352,0.0,0.756,0,0,0,0,0,0,117.0,65.0,84.0,-57.0,0.0015384615384615,0.002,2.6871347683667684e-07,0.002,8.4824,0.2059279000041168,8.707,0.0,0.0,0.0,0.3157999999999999,0.2490766950160164,0.756,84.0,0.0,84.0,0.0013846153846153,0.0003440106124547,0.0015384615384615,-0.0719999999999991,0.516,0.0,0.0,2026-10-03 14:58:48.068731+00:00,eth0,connected,2.4 GHz,802.11n,11,NORMAL
0.001,0.001,0.002,9.172,0.0,1.409,0,0,0,0,0,0,144.4,65.0,84.0,-57.0,0.0015384615384615,0.002,2.6871347683667684e-07,0.002,8.5796,0.3729883376194278,9.172,0.0,0.0,0.0,0.5576000000000001,0.5332675688621069,1.409,84.0,0.0,84.0,0.0013846153846153,0.0003440106124547,0.0015384615384615,0.8200000000000003,0.653,0.0,0.0,2026-10-03 14:58:53.442730+00:00,eth0,connected,2.4 GHz,802.11n,11,NORMAL
0.001,0.001,0.002,8.684,0.0,0.162,0,0,0,0,0,0,117.0,65.0,84.0,-57.0,0.0015384615384615,0.002,2.6871347683667684e-07,0.002,8.575,0.3711616898335605,9.172,0.0,0.0,0.0,0.5424,0.5455953628836134,1.409,84.0,0.0,84.0,0.0015384615384615,3.2590597219033776e-07,0.0015384615384615,-0.4880000000000013,-1.247,0.0,0.0,2026-10-03 14:58:58.923257+00:00,eth0,connected,2.4 GHz,802.11n,11,NORMAL
0.001,0.001,0.002,8.801,0.0,0.319,0,0,0,0,0,0,144.4,65.0,84.0,-57.0,0.0015384615384615,0.002,2.6871347683667684e-07,0.002,8.686600000000002,0.3277282410780347,9.172,0.0,0.0,0.0,0.5772,0.5188021780988413,1.409,84.0,0.0,84.0,0.0015384615384615,3.2590597219033776e-07,0.0015384615384615,0.1170000000000008,0.157,0.0,0.0,2026-10-03 14:59:04.332308+00:00,eth0,connected,2.4 GHz,802.11n,11,NORMAL
0.001,0.001,0.002,8.995,0.0,0.569,0,0,0,0,0,0,144.4,65.0,84.0,-57.0,0.0015384615384615,0.002,2.6871347683667684e-07,0.002,8.800799999999999,0.3124767191329622,9.172,0.0,0.0,0.0,0.643,0.4851128734635909,1.409,84.0,0.0,84.0,0.0015384615384615,3.2590597219033776e-07,0.0015384615384615,0.193999999999999,0.2499999999999999,0.0,0.0,2026-10-03 14:59:09.712952+00:00,eth0,connected,2.4 GHz,802.11n,11,NORMAL
0.001,0.001,0.002,8.68,0.0,0.482,0,0,0,0,0,0,144.4,65.0,84.0,-57.0,0.0015384615384615,0.002,2.6871347683667684e-07,0.002,8.8664,0.2134368759144001,9.172,0.0,0.0,0.0,0.5882,0.4846325412104535,1.409,84.0,0.0,84.0,0.0015384615384615,3.2590597219033776e-07,0.0015384615384615,-0.3149999999999995,-0.0869999999999999,0.0,0.0,2026-10-03 14:59:15.128646+00:00,eth0,connected,2.4 GHz,802.11n,11,NORMAL
0.001,0.001,0.002,8.521,0.0,0.339,0,0,0,0,0,0,144.4,130.0,84.0,-57.0,0.0007692307692307,0.002,2.6871347683667684e-07,0.002,8.7362,0.1756208985289089,8.995,0.0,0.0,0.0,0.3742,0.1572281781364323,0.569,84.0,0.0,84.0,0.0013846153846153,0.0003440106124547,0.0015384615384615,-0.1589999999999989,-0.1429999999999999,0.0,0.0,2026-10-03 14:59:20.537919+00:00,eth0,connected,2.4 GHz,802.11n,11,NORMAL
0.001,0.001,0.002,8.821,0.0,0.343,0,0,0,0,0,0,144.4,65.0,84.0,-57.0,0.0015384615384615,0.002,2.6871347683667684e-07,0.002,8.7636,0.1761272267427748,8.995,0.0,0.0,0.0,0.4104,0.1098580902806058,0.569,84.0,0.0,84.0,0.0013846153846153,0.0003440106124547,0.0015384615384615,0.2999999999999989,0.004,0.0,0.0,2026-10-03 14:59:25.926079+00:00,eth0,connected,2.4 GHz,802.11n,11,NORMAL
0.001,0.001,0.002,9.464,0.0,0.213,0,0,0,0,0,0,130.0,130.0,83.0,-57.0,0.0007692307692307,0.002,2.6871347683667684e-07,0.002,8.896199999999999,0.3623985375247787,9.464,0.0,0.0,0.0,0.3892,0.1384203742232396,0.569,83.8,0.4472135954999571,84.0,0.0012307692307692,0.0004213251702844,0.0015384615384615,0.6430000000000007,-0.13,0.0,0.0,2026-10-03 14:59:31.347957+00:00,eth0,connected,2.4 GHz,802.11n,11,NORMAL
0.001,0.001,0.002,9.019,0.0,0.55,0,0,0,0,0,0,144.4,65.0,83.0,-57.0,0.0015384615384615,0.002,2.6871347683667684e-07,0.002,8.901,0.3641888246502058,9.464,0.0,0.0,0.0,0.3854,0.1323793790592089,0.55,83.6,0.5477225575051643,84.0,0.0012307692307692,0.0004213251702844,0.0015384615384615,-0.4450000000000003,0.3370000000000001,0.0,0.0,2026-10-03 14:59:36.729749+00:00,eth0,connected,2.4 GHz,802.11n,11,NORMAL
0.001,0.001,0.002,9.624,0.0,0.468,0,0,0,0,0,0,144.4,65.0,83.0,-57.0,0.0015384615384615,0.002,2.6871347683667684e-07,0.002,9.0898,0.4544762920110291,9.624,0.0,0.0,0.0,0.3826,0.1299511446663772,0.55,83.4,0.5477225575051643,84.0,0.0012307692307692,0.0004213251702844,0.0015384615384615,0.6050000000000004,-0.082,0.0,0.0,2026-10-03 14:59:42.162726+00:00,eth0,connected,2.4 GHz,802.11n,11,NORMAL
0.001,0.001,0.002,9.002,0.0,0.405,0,0,0,0,0,0,144.4,65.0,83.0,-57.0,0.0015384615384615,0.002,2.6871347683667684e-07,0.002,9.186,0.3406236926581769,9.624,0.0,0.0,0.0,0.3958,0.1277485812058268,0.55,83.2,0.4472135954999571,84.0,0.0013846153846153,0.0003440106124547,0.0015384615384615,-0.6219999999999999,-0.063,0.0,0.0,2026-10-03 14:59:47.584709+00:00,eth0,connected,2.4 GHz,802.11n,11,NORMAL
0.001,0.001,0.002,8.983,0.0,0.69,0,0,0,0,0,0,144.4,65.0,83.0,-57.0,0.0015384615384615,0.002,2.6871347683667684e-07,0.002,9.2184,0.3028337827919655,9.624,0.0,0.0,0.0,0.4652,0.1767503889673282,0.69,83.0,0.0,83.0,0.0013846153846153,0.0003440106124547,0.0015384615384615,-0.0190000000000001,0.2849999999999999,0.0,0.0,2026-10-03 14:59:52.985551+00:00,eth0,connected,2.4 GHz,802.11n,11,NORMAL
0.001,0.001,0.002,9.414,0.0,0.264,0,0,0,0,0,0,144.4,65.0,84.0,-57.0,0.0015384615384615,0.002,2.6871347683667684e-07,0.002,9.2084,0.2933739933942535,9.624,0.0,0.0,0.0,0.4753999999999999,0.1591533851355409,0.69,83.2,0.4472135954999571,84.0,0.0015384615384615,3.2590597219033776e-07,0.0015384615384615,0.4309999999999991,-0.4259999999999999,0.0,0.0,2026-10-03 14:59:58.349425+00:00,eth0,connected,2.4 GHz,802.11n,11,NORMAL
0.001,0.001,0.002,9.565,0.0,0.431,0,0,0,0,0,0,144.4,65.0,84.0,-57.0,0.0015384615384615,0.002,2.6871347683667684e-07,0.002,9.3176,0.3065702203412597,9.624,0.0,0.0,0.0,0.4516,0.1540236994754437,0.69,83.4,0.5477225575051643,84.0,0.0015384615384615,3.2590597219033776e-07,0.0015384615384615,0.1509999999999998,0.1669999999999999,0.0,0.0,2026-10-03 15:00:03.810491+00:00,eth0,connected,2.4 GHz,802.11n,11,NORMAL
0.001,0.001,0.002,9.052,0.0,0.304,0,0,0,0,0,0,144.4,65.0,84.0,-57.0,0.0015384615384615,0.002,2.6871347683667684e-07,0.002,9.2032,0.2679397320295959,9.565,0.0,0.0,0.0,0.4187999999999999,0.16660642244554,0.69,83.6,0.5477225575051643,84.0,0.0015384615384615,3.2590597219033776e-07,0.0015384615384615,-0.5129999999999999,-0.127,0.0,0.0,2026-10-03 15:00:09.180003+00:00,eth0,connected,2.4 GHz,802.11n,11,NORMAL
0.001,0.001,0.002,9.442,0.0,1.943,0,0,0,0,0,0,130.0,65.0,84.0,-57.0,0.0015384615384615,0.002,2.6871347683667684e-07,0.002,9.2912,0.257386285571103,9.565,0.0,0.0,0.0,0.7263999999999999,0.7001673371417022,1.943,83.8,0.4472135954999571,84.0,0.0015384615384615,3.2590597219033776e-07,0.0015384615384615,0.3900000000000005,1.639,0.0,0.0,2026-10-03 15:00:14.572399+00:00,eth0,connected,2.4 GHz,802.11n,11,NORMAL
0.001,0.001,0.002,11.343,0.0,4.084,0,0,0,0,0,0,130.0,65.0,84.0,-57.0,0.0015384615384615,0.002,2.6871347683667684e-07,0.002,9.7632,0.9035993027886176,11.343,0.0,0.0,0.0,1.4052,1.6529702659153016,4.084,84.0,0.0,84.0,0.0015384615384615,3.2590597219033776e-07,0.0015384615384615,1.901,2.141,0.0,0.0,2026-10-03 15:00:19.943067+00:00,eth0,connected,2.4 GHz,802.11n,11,NORMAL
0.001,0.001,0.002,9.008,0.0,0.542,0,0,0,0,0,0,104.0,65.0,84.0,-57.0,0.0015384615384615,0.002,2.6871347683667684e-07,0.002,9.682,0.959346913269688,11.343,0.0,0.0,0.0,1.4608,1.6090807002758138,4.084,84.0,0.0,84.0,0.0015384615384615,3.2590597219033776e-07,0.0015384615384615,-2.335000000000001,-3.542,0.0,0.0,2026-10-03 15:00:25.281695+00:00,eth0,connected,2.4 GHz,802.11n,11,NORMAL
0.001,0.001,0.002,8.882,0.0,0.407,0,0,0,0,0,0,117.0,65.0,85.0,-57.0,0.0015384615384615,0.002,2.6871347683667684e-07,0.002,9.5454,1.0264500962054035,11.343,0.0,0.0,0.0,1.456,1.612951797171913,4.084,84.2,0.4472135954999571,85.0,0.0015384615384615,3.2590597219033776e-07,0.0015384615384615,-0.1259999999999994,-0.135,0.0,0.0,2026-10-03 15:00:30.646644+00:00,eth0,connected,2.4 GHz,802.11n,11,NORMAL
0.001,0.001,0.002,9.022,0.0,0.487,0,0,0,0,0,0,78.0,65.0,85.0,-57.0,0.0015384615384615,0.002,2.6871347683667684e-07,0.002,9.5394,1.0301363016611358,11.343,0.0,0.0,0.0,1.4926,1.5820566677588082,4.084,84.4,0.5477225575051643,85.0,0.0015384615384615,3.2590597219033776e-07,0.0015384615384615,0.1400000000000005,0.08,0.0,0.0,2026-10-03 15:00:36.072898+00:00,eth0,connected,2.4 GHz,802.11n,11,NORMAL
0.001,0.001,0.002,9.12,0.0,0.387,0,0,0,0,0,0,117.0,65.0,85.0,-57.0,0.0015384615384615,0.002,2.6871347683667684e-07,0.002,9.474999999999998,1.0476635910444174,11.343,0.0,0.0,0.0,1.1814,1.6237978014519243,4.084,84.6,0.5477225575051643,85.0,0.0015384615384615,3.2590597219033776e-07,0.0015384615384615,0.0979999999999989,-0.0999999999999999,0.0,0.0,2026-10-03 15:00:41.443868+00:00,eth0,connected,2.4 GHz,802.11n,11,NORMAL
0.001,0.001,0.002,8.694,0.0,0.374,0,0,0,0,0,0,117.0,65.0,85.0,-57.0,0.0015384615384615,0.002,2.6871347683667684e-07,0.002,8.9452,0.1639304730673892,9.12,0.0,0.0,0.0,0.4394,0.0722239572448299,0.542,84.8,0.4472135954999571,85.0,0.0015384615384615,3.2590597219033776e-07,0.0015384615384615,-0.4259999999999984,-0.013,0.0,0.0,2026-10-03 15:00:46.868479+00:00,eth0,connected,2.4 GHz,802.11n,11,NORMAL
0.001,0.001,0.002,8.503,0.0,0.138,0,0,0,0,0,0,117.0,65.0,85.0,-57.0,0.0015384615384615,0.002,2.6871347683667684e-07,0.002,8.8442,0.249040558945929,9.12,0.0,0.0,0.0,0.3586,0.1308980519339495,0.487,85.0,0.0,85.0,0.0015384615384615,3.2590597219033776e-07,0.0015384615384615,-0.1910000000000007,-0.236,0.0,0.0,2026-10-03 15:00:52.257011+00:00,eth0,connected,2.4 GHz,802.11n,11,NORMAL
0.001,0.001,0.002,9.066,0.0,0.443,0,0,0,0,0,0,117.0,65.0,85.0,-57.0,0.0015384615384615,0.002,2.6871347683667684e-07,0.002,8.881,0.2688308018068239,9.12,0.0,0.0,0.0,0.3658,0.135146957050845,0.487,85.0,0.0,85.0,0.0015384615384615,3.2590597219033776e-07,0.0015384615384615,0.5630000000000006,0.305,0.0,0.0,2026-10-03 15:00:57.662671+00:00,eth0,connected,2.4 GHz,802.11n,11,NORMAL
0.001,0.001,0.002,10.035,0.0,2.092,0,0,0,0,0,0,144.4,65.0,85.0,-57.0,0.0015384615384615,0.002,2.6871347683667684e-07,0.002,9.0836,0.5906947604305411,10.035,0.0,0.0,0.0,0.6868000000000001,0.7941868168133385,2.092,85.0,0.0,85.0,0.0015384615384615,3.2590597219033776e-07,0.0015384615384615,0.9689999999999994,1.649,0.0,0.0,2026-10-03 15:01:03.057152+00:00,eth0,connected,2.4 GHz,802.11n,11,NORMAL
0.001,0.001,0.002,28.078,0.0,23.296,0,0,0,0,0,0,144.4,65.0,85.0,-57.0,0.0015384615384615,0.002,2.6871347683667684e-07,0.002,12.8752,8.519102575975944,28.078,0.0,0.0,0.0,5.2686,10.107478904256991,23.296,85.0,0.0,85.0,0.0015384615384615,3.2590597219033776e-07,0.0015384615384615,18.043,21.204,0.0,0.0,2026-10-03 15:01:08.406078+00:00,eth0,connected,2.4 GHz,802.11n,11,CONGESTED
0.001,0.001,0.002,9.506,0.0,0.766,0,0,0,0,0,0,144.4,65.0,85.0,-57.0,0.0015384615384615,0.002,2.6871347683667684e-07,0.002,13.0376,8.42670815324703,28.078,0.0,0.0,0.0,5.347,10.061437322768557,23.296,85.0,0.0,85.0,0.0015384615384615,3.2590597219033776e-07,0.0015384615384615,-18.572,-22.53,0.0,0.0,2026-10-03 15:01:13.881871+00:00,eth0,connected,2.4 GHz,802.11n,11,NORMAL
0.001,0.001,0.002,9.025,0.0,0.588,0,0,0,0,0,0,144.4,65.0,85.0,-57.0,0.0015384615384615,0.002,2.6871347683667684e-07,0.002,13.142,8.359448337061481,28.078,0.0,0.0,0.0,5.436999999999999,10.00504852561946,23.296,85.0,0.0,85.0,0.0015384615384615,3.2590597219033776e-07,0.0015384615384615,-0.4809999999999998,-0.178,0.0,0.0,2026-10-03 15:01:19.242495+00:00,eth0,connected,2.4 GHz,802.11n,11,NORMAL
0.001,0.001,0.002,9.256,0.0,0.757,0,0,0,0,0,0,144.4,65.0,85.0,-57.0,0.0015384615384615,0.002,2.6871347683667684e-07,0.002,13.18,8.336688581205369,28.078,0.0,0.0,0.0,5.4998,9.966777673852272,23.296,85.0,0.0,85.0,0.0015384615384615,3.2590597219033776e-07,0.0015384615384615,0.2309999999999998,0.169,0.0,0.0,2026-10-03 15:01:24.631197+00:00,eth0,connected,2.4 GHz,802.11n,11,NORMAL
0.001,0.001,0.002,9.02,0.0,0.674,0,0,0,0,0,0,130.0,130.0,86.0,-57.0,0.0007692307692307,0.002,2.6871347683667684e-07,0.002,12.977,8.444081299940212,28.078,0.0,0.0,0.0,5.2162,10.107172314747586,23.296,85.2,0.4472135954999571,86.0,0.0013846153846153,0.0003440106124547,0.0015384615384615,-0.2360000000000006,-0.0829999999999999,0.0,0.0,2026-10-03 15:01:30.057304+00:00,eth0,connected,2.4 GHz,802.11n,11,NORMAL
0.001,0.001,0.002,9.77,0.0,1.378,0,0,0,0,0,0,144.4,130.0,86.0,-57.0,0.0007692307692307,0.002,2.6871347683667684e-07,0.002,9.3154,0.3233075934772872,9.77,0.0,0.0,0.0,0.8326,0.3132870887861487,1.378,85.4,0.5477225575051643,86.0,0.0012307692307692,0.0004213251702844,0.0015384615384615,0.75,0.7039999999999998,0.0,0.0,2026-10-03 15:01:35.521792+00:00,eth0,connected,2.4 GHz,802.11n,11,NORMAL
0.001,0.001,0.002,8.39,0.0,0.294,0,0,0,0,0,0,130.0,117.0,85.0,-57.0,0.0008547008547008,0.002,2.6871347683667684e-07,0.002,9.0922,0.4972566741634351,9.77,0.0,0.0,0.0,0.7382,0.3980241198722761,1.378,85.4,0.5477225575051643,86.0,0.001094017094017,0.0004072182244193,0.0015384615384615,-1.379999999999999,-1.084,0.0,0.0,2026-10-03 15:01:40.963599+00:00,eth0,connected,2.4 GHz,802.11n,11,NORMAL
0.001,0.001,0.002,8.883,0.0,0.134,0,0,0,0,0,0,144.4,117.0,85.0,-57.0,0.0008547008547008,0.002,2.6871347683667684e-07,0.002,9.0638,0.5060318171815695,9.77,0.0,0.0,0.0,0.6474,0.4834685098329568,1.378,85.4,0.5477225575051643,86.0,0.0009572649572649,0.0003276974186923,0.0015384615384615,0.4929999999999985,-0.1599999999999999,0.0,0.0,2026-10-03 15:01:46.388276+00:00,eth0,connected,2.4 GHz,802.11n,11,NORMAL
0.001,0.001,0.002,8.949,0.0,0.885,0,0,0,0,0,0,144.4,130.0,86.0,-57.0,0.0007692307692307,0.002,2.6871347683667684e-07,0.002,9.0024,0.4953940855521822,9.77,0.0,0.0,0.0,0.6729999999999998,0.4939969635535222,1.378,85.6,0.5477225575051643,86.0,0.0008034188034188,4.681502825367346e-05,0.0008547008547008,0.0660000000000007,0.751,0.0,0.0,2026-10-03 15:01:51.818447+00:00,eth0,connected,2.4 GHz,802.11n,11,NORMAL
0.001,0.001,0.002,8.58,0.0,0.533,0,0,0,0,0,0,144.4,117.0,86.0,-57.0,0.0008547008547008,0.002,2.6871347683667684e-07,0.002,8.914399999999999,0.529398998865775,9.77,0.0,0.0,0.0,0.6447999999999999,0.4979344334348649,1.378,85.6,0.5477225575051643,86.0,0.0008205128205128,4.681502825302505e-05,0.0008547008547008,-0.3689999999999998,-0.352,0.0,0.0,2026-10-03 15:01:57.298690+00:00,eth0,connected,2.4 GHz,802.11n,11,NORMAL
0.001,0.001,0.002,8.356,0.0,0.353,0,0,0,0,0,0,130.0,117.0,85.0,-57.0,0.0008547008547008,0.002,2.6871347683667684e-07,0.002,8.6316,0.2742868935988226,8.949,0.0,0.0,0.0,0.4397999999999999,0.2868774999892803,0.885,85.4,0.5477225575051643,86.0,0.0008376068376068,3.822477363235066e-05,0.0008547008547008,-0.2240000000000002,-0.18,0.0,0.0,2026-10-03 15:02:02.692889+00:00,eth0,connected,2.4 GHz,802.11n,11,NORMAL
0.001,0.001,0.002,8.501,0.0,0.211,0,0,0,0,0,0,130.0,130.0,85.0,-57.0,0.0007692307692307,0.002,2.6871347683667684e-07,0.002,8.6538,0.2535521642583464,8.949,0.0,0.0,0.0,0.4232,0.2995449882740479,0.885,85.4,0.5477225575051643,86.0,0.0008205128205128,4.681502825302505e-05,0.0008547008547008,0.1449999999999995,-0.142,0.0,0.0,2026-10-03 15:02:08.110790+00:00,eth0,connected,2.4 GHz,802.11n,11,NORMAL
0.001,0.001,0.002,8.57,0.0,0.179,0,0,0,0,0,0,144.4,130.0,85.0,-57.0,0.0007692307692307,0.002,2.6871347683667684e-07,0.002,8.591199999999999,0.2191180047373858,8.949,0.0,0.0,0.0,0.4322,0.2891802206239208,0.885,85.4,0.5477225575051643,86.0,0.0008034188034188,4.681502825367346e-05,0.0008547008547008,0.0690000000000008,-0.032,0.0,0.0,2026-10-03 15:02:13.568918+00:00,eth0,connected,2.4 GHz,802.11n,11,NORMAL
0.001,0.001,0.002,8.825,0.0,0.074,0,0,0,0,0,0,130.0,130.0,85.0,-57.0,0.0007692307692307,0.002,2.6871347683667684e-07,0.002,8.5664,0.1700126465886982,8.825,0.0,0.0,0.0,0.27,0.1776485294059571,0.533,85.2,0.4472135954999571,86.0,0.0008034188034188,4.681502825367346e-05,0.0008547008547008,0.254999999999999,-0.105,0.0,0.0,2026-10-03 15:02:18.992796+00:00,eth0,connected,2.4 GHz,802.11n,11,NORMAL
0.001,0.001,0.002,8.699,0.0,0.559,0,0,0,0,0,0,144.4,117.0,85.0,-57.0,0.0008547008547008,0.002,2.6871347683667684e-07,0.002,8.5902,0.1804042682424478,8.825,0.0,0.0,0.0,0.2752,0.1873851648346241,0.559,85.0,0.0,85.0,0.0008034188034188,4.681502825367346e-05,0.0008547008547008,-0.1259999999999994,0.485,0.0,0.0,2026-10-03 15:02:24.390823+00:00,eth0,connected,2.4 GHz,802.11n,11,NORMAL
0.001,0.001,0.002,8.992,0.0,0.332,0,0,0,0,0,0,130.0,130.0,85.0,-57.0,0.0007692307692307,0.002,2.6871347683667684e-07,0.002,8.717400000000001,0.1974064335326753,8.992,0.0,0.0,0.0,0.271,0.1854305800025962,0.559,85.0,0.0,85.0,0.0007863247863247,3.822477363473302e-05,0.0008547008547008,0.293000000000001,-0.227,0.0,0.0,2026-10-03 15:02:29.810920+00:00,eth0,connected,2.4 GHz,802.11n,11,NORMAL
0.001,0.001,0.002,9.17,0.0,1.211,0,0,0,0,0,0,130.0,130.0,85.0,-57.0,0.0007692307692307,0.002,2.6871347683667684e-07,0.002,8.8512,0.2368453081656628,9.17,0.0,0.0,0.0,0.471,0.4520890399026497,1.211,85.0,0.0,85.0,0.0007863247863247,3.822477363473302e-05,0.0008547008547008,0.177999999999999,0.879,0.0,0.0,2026-10-03 15:02:35.206011+00:00,eth0,connected,2.4 GHz,802.11n,11,NORMAL
0.001,0.001,0.002,8.856,0.0,0.294,0,0,0,0,0,0,104.0,65.0,86.0,-57.0,0.0015384615384615,0.002,2.6871347683667684e-07,0.002,8.9084,0.1795641946493976,9.17,0.0,0.0,0.0,0.494,0.4361645331753829,1.211,85.2,0.4472135954999571,86.0,0.0009401709401709,0.0003364962208196,0.0015384615384615,-0.314,-0.917,0.0,0.0,2026-10-03 15:02:40.719983+00:00,eth0,connected,2.4 GHz,802.11n,11,NORMAL
0.001,0.001,0.002,27.413,0.0,24.199,0,0,0,0,0,0,585.0,585.0,86.0,-61.0,0.0001709401709401,0.002,2.6871347683667684e-07,0.002,12.626,8.26800293299416,27.413,0.0,0.0,0.0,5.319000000000001,10.560639871712326,24.199,85.4,0.5477225575051643,86.0,0.0008205128205128,0.0004857530063713,0.0015384615384615,18.557,23.905,0.0,0.0,2026-10-03 15:02:46.122978+00:00,eth0,connected,5 GHz,802.11ac,149,CONGESTED
0.001,0.001,0.002,9.128,0.0,0.671,0,0,0,0,0,0,585.0,585.0,82.0,-61.0,0.0001709401709401,0.002,2.6871347683667684e-07,0.002,12.7118,8.219144675694668,27.413,0.0,0.0,0.0,5.3414,10.548130796496606,24.199,84.8,1.643167672515497,86.0,0.0006837606837606,0.0005637140240531,0.0015384615384615,-18.285,-23.528,0.0,0.0,2026-10-03 15:02:51.552010+00:00,eth0,connected,5 GHz,802.11ac,149,NORMAL
0.002,0.001,0.003,10.913,0.0,3.324,0,0,0,0,0,0,351.0,26.0,82.0,-61.0,0.0038461538461538,0.0022000000000007,0.0004472136762286,0.003,13.095999999999998,8.044844280655779,27.413,0.0,0.0,0.0,5.939800000000001,10.27421109866836,24.199,84.2,2.049390153191919,86.0,0.0012991452991452,0.0015306067634624,0.0038461538461538,1.785,2.653,0.0,0.001,2026-10-03 15:02:56.984220+00:00,eth0,connected,5 GHz,802.11ac,149,NORMAL
0.001,0.001,0.002,9.689,0.0,1.359,0,0,0,0,0,0,468.0,26.0,82.0,-61.0,0.0038461538461538,0.0022000000000007,0.0004472136762286,0.003,13.1998,7.984647437426402,27.413,0.0,0.0,0.0,5.9694,10.257380918148652,24.199,83.6,2.1908902300206634,86.0,0.0019145299145299,0.0018495932162694,0.0038461538461538,-1.2240000000000002,-1.965,0.0,-0.001,2026-10-03 15:03:02.402371+00:00,eth0,connected,5 GHz,802.11ac,149,NORMAL
0.001,0.001,0.002,8.152,0.0,0.227,0,0,0,0,0,0,351.0,26.0,81.0,-61.0,0.0038461538461538,0.0022000000000007,0.0004472136762286,0.003,13.059,8.085959157700465,27.413,0.0,0.0,0.0,5.956,10.266688219674352,24.199,82.6,1.9493588689617896,86.0,0.0023760683760683,0.0020129974599474,0.0038461538461538,-1.5370000000000008,-1.132,0.0,0.0,2026-10-03 15:03:07.875383+00:00,eth0,connected,5 GHz,802.11ac,149,NORMAL
0.001,0.001,0.002,8.568,0.0,0.28,0,0,0,0,0,0,351.0,26.0,81.0,-61.0,0.0038461538461538,0.0022000000000007,0.0004472136762286,0.003,9.29,1.0765572441816862,10.913,0.0,0.0,0.0,1.1722,1.285083927220364,3.324,81.6,0.5477225575051481,82.0,0.0031111111111111,0.0016436055542327,0.0038461538461538,0.4160000000000003,0.053,0.0,0.0,2026-10-03 15:03:13.247970+00:00,eth0,connected,5 GHz,802.11ac,149,NORMAL
0.001,0.001,0.002,8.825,0.0,1.202,0,0,0,0,0,0,468.0,26.0,82.0,-61.0,0.0038461538461538,0.0022000000000007,0.0004472136762286,0.003,9.229400000000002,1.096303014681647,10.913,0.0,0.0,0.0,1.2784,1.2548961311599116,3.324,81.6,0.5477225575051481,82.0,0.0038461538461538,3.258933992156479e-07,0.0038461538461538,0.2569999999999997,0.922,0.0,0.0,2026-10-03 15:03:18.719889+00:00,eth0,connected,5 GHz,802.11ac,149,NORMAL
0.001,0.001,0.002,8.831,0.0,0.485,0,0,0,0,0,0,585.0,26.0,82.0,-61.0,0.0038461538461538,0.002,2.6871347683667684e-07,0.002,8.812999999999999,0.5623144138291962,9.689,0.0,0.0,0.0,0.7106,0.5319955826885352,1.359,81.6,0.5477225575051481,82.0,0.0038461538461538,3.258933992156479e-07,0.0038461538461538,0.0060000000000002,-0.717,0.0,0.0,2026-10-03 15:03:24.115681+00:00,eth0,connected,5 GHz,802.11ac,149,NORMAL
0.001,0.001,0.002,8.786,0.0,0.311,0,0,0,0,0,0,351.0,26.0,82.0,-61.0,0.0038461538461538,0.002,2.6871347683667684e-07,0.002,8.6324,0.2894223557365157,8.831,0.0,0.0,0.0,0.501,0.4036316389978789,1.202,81.6,0.5477225575051481,82.0,0.0038461538461538,3.258933992156479e-07,0.0038461538461538,-0.0449999999999999,-0.174,0.0,0.0,2026-10-03 15:03:29.505978+00:00,eth0,connected,5 GHz,802.11ac,149,NORMAL
0.001,0.001,0.002,9.083,0.0,1.705,0,0,0,0,0,0,351.0,54.0,82.0,-61.0,0.0018518518518518,0.002,2.6871347683667684e-07,0.002,8.8186,0.1830062840453088,9.083,0.0,0.0,0.0,0.7966000000000001,0.6303406222036734,1.705,81.8,0.4472135954999373,82.0,0.0034472934472934,0.0008918790249261,0.0038461538461538,0.2970000000000006,1.394,0.0,0.0,2026-10-03 15:03:34.895461+00:00,eth0,connected,5 GHz,802.11ac,149,NORMAL
0.001,0.001,0.002,8.315,0.0,0.386,0,0,0,0,0,0,351.0,54.0,82.0,-61.0,0.0018518518518518,0.002,2.6871347683667684e-07,0.002,8.767999999999999,0.2792740589458192,9.083,0.0,0.0,0.0,0.8178000000000001,0.610079257146245,1.705,82.0,0.0,82.0,0.003048433048433,0.0010923242373729,0.0038461538461538,-0.7680000000000007,-1.319,0.0,0.0,2026-10-03 15:03:40.279462+00:00,eth0,connected,5 GHz,802.11ac,149,NORMAL
0.001,0.001,0.002,8.591,0.0,0.251,0,0,0,0,0,0,351.0,54.0,82.0,-61.0,0.0018518518518518,0.002,2.6871347683667684e-07,0.002,8.7212,0.286838281964025,9.083,0.0,0.0,0.0,0.6275999999999999,0.6085965823105763,1.705,82.0,0.0,82.0,0.0026495726495726,0.0010923242373736,0.0038461538461538,0.2759999999999998,-0.135,0.0,0.0,2026-10-03 15:03:45.659627+00:00,eth0,connected,5 GHz,802.11ac,149,NORMAL
0.001,0.001,0.002,10.15,0.0,3.415,0,0,0,0,0,0,351.0,585.0,82.0,-61.0,0.0002849002849002,0.002,2.6871347683667684e-07,0.002,8.985,0.7089721433174018,10.15,0.0,0.0,0.0,1.2136,1.3705695166609075,3.415,82.0,0.0,82.0,0.0019373219373219,0.0012645208979046,0.0038461538461538,1.559000000000001,3.164,0.0,0.0,2026-10-03 15:03:51.092546+00:00,eth0,connected,5 GHz,802.11ac,149,NORMAL
0.001,0.001,0.002,9.378,0.0,2.359,0,0,0,0,0,0,351.0,54.0,82.0,-61.0,0.0018518518518518,0.002,2.6871347683667684e-07,0.002,9.1034,0.7168195728355004,10.15,0.0,0.0,0.0,1.6232,1.339051604681505,3.415,82.0,0.0,82.0,0.0015384615384615,0.0007007621200158,0.0018518518518518,-0.7720000000000002,-1.056,0.0,0.0,2026-10-03 15:03:56.518427+00:00,eth0,connected,5 GHz,802.11ac,149,NORMAL
0.001,0.001,0.002,8.775,0.0,0.514,0,0,0,0,0,0,351.0,585.0,82.0,-61.0,0.0002849002849002,0.002,2.6871347683667684e-07,0.002,9.0418,0.7320824407128406,10.15,0.0,0.0,0.0,1.385,1.4240939224644258,3.415,82.0,0.0,82.0,0.0012250712250712,0.0008582547816163,0.0018518518518518,-0.6029999999999998,-1.845,0.0,0.0,2026-10-03 15:04:01.882423+00:00,eth0,connected,5 GHz,802.11ac,149,NORMAL
0.001,0.001,0.002,10.422,0.0,3.985,0,0,0,0,0,0,351.0,585.0,82.0,-61.0,0.0002849002849002,0.002,2.6871347683667684e-07,0.002,9.4632,0.8112648765970739,10.422,0.0,0.0,0.0,2.1048,1.679554464731678,3.985,82.0,0.0,82.0,0.0009116809116809,0.000858254781617,0.0018518518518518,1.6470000000000002,3.471,0.0,0.0,2026-10-03 15:04:07.389910+00:00,eth0,connected,5 GHz,802.11ac,149,NORMAL
0.001,0.001,0.002,9.777,0.0,2.445,0,0,0,0,0,0,468.0,54.0,82.0,-61.0,0.0018518518518518,0.002,2.6871347683667684e-07,0.002,9.7004,0.6498117419684433,10.422,0.0,0.0,0.0,2.5436,1.3228801155056016,3.985,82.0,0.0,82.0,0.0009116809116809,0.000858254781617,0.0018518518518518,-0.6450000000000014,-1.54,0.0,0.0,2026-10-03 15:04:12.730100+00:00,eth0,connected,5 GHz,802.11ac,149,NORMAL
0.001,0.001,0.002,9.099,0.0,0.857,0,0,0,0,0,0,351.0,54.0,82.0,-61.0,0.0018518518518518,0.002,2.6871347683667684e-07,0.002,9.4902,0.6378955243612111,10.422,0.0,0.0,0.0,2.032,1.394332815363719,3.985,82.0,0.0,82.0,0.0012250712250712,0.0008582547816163,0.0018518518518518,-0.677999999999999,-1.588,0.0,0.0,2026-10-03 15:04:18.135224+00:00,eth0,connected,5 GHz,802.11ac,149,NORMAL
0.001,0.001,0.002,8.206,0.0,0.38,0,0,0,0,0,0,468.0,54.0,82.0,-61.0,0.0018518518518518,0.002,2.6871347683667684e-07,0.002,9.2558,0.8645095141177258,10.422,0.0,0.0,0.0,1.6362,1.5504469355641015,3.985,82.0,0.0,82.0,0.0012250712250712,0.0008582547816163,0.0018518518518518,-0.8930000000000007,-0.477,0.0,0.0,2026-10-03 15:04:23.518964+00:00,eth0,connected,5 GHz,802.11ac,149,NORMAL
0.001,0.001,0.002,8.393,0.0,0.595,0,0,0,0,0,0,351.0,54.0,82.0,-61.0,0.0018518518518518,0.002,2.6871347683667684e-07,0.002,9.1794,0.9318767622384768,10.422,0.0,0.0,0.0,1.6523999999999996,1.536147388761936,3.985,82.0,0.0,82.0,0.0015384615384615,0.0007007621200158,0.0018518518518518,0.1870000000000011,0.2149999999999999,0.0,0.0,2026-10-03 15:04:28.916031+00:00,eth0,connected,5 GHz,802.11ac,149,NORMAL
0.001,0.001,0.002,19.714,0.0,19.265,0,0,0,0,0,0,468.0,585.0,82.0,-61.0,0.0002136752136752,0.002,2.6871347683667684e-07,0.002,11.0378,4.889761415447593,19.714,0.0,0.0,0.0,4.7084,8.177804888843957,19.265,82.0,0.0,82.0,0.0015242165242165,0.0007326149369131,0.0018518518518518,11.320999999999998,18.67,0.0,0.0,2026-10-03 15:04:34.358755+00:00,eth0,connected,5 GHz,802.11ac,149,WARNING
0.001,0.001,0.002,8.359,0.0,0.38,0,0,0,0,0,0,468.0,54.0,82.0,-61.0,0.0018518518518518,0.002,2.6871347683667684e-07,0.002,10.7542,5.020539682145739,19.714,0.0,0.0,0.0,4.2954,8.370561408890094,19.265,82.0,0.0,82.0,0.0015242165242165,0.0007326149369131,0.0018518518518518,-11.355,-18.885,0.0,0.0,2026-10-03 15:04:39.733169+00:00,eth0,connected,5 GHz,802.11ac,149,NORMAL
0.001,0.001,0.002,10.005,0.0,2.504,0,0,0,0,0,0,468.0,54.0,82.0,-61.0,0.0018518518518518,0.002,2.6871347683667684e-07,0.002,10.9354,4.961872660599024,19.714,0.0,0.0,0.0,4.6248000000000005,8.23269686676244,19.265,82.0,0.0,82.0,0.0015242165242165,0.0007326149369131,0.0018518518518518,1.6460000000000008,2.124,0.0,0.0,2026-10-03 15:04:45.116657+00:00,eth0,connected,5 GHz,802.11ac,149,NORMAL
0.001,0.001,0.002,13.035,0.0,8.524,0,0,0,0,0,0,468.0,54.0,82.0,-61.0,0.0018518518518518,0.002,2.6871347683667684e-07,0.002,11.9012,4.763810680537172,19.714,0.0,0.0,0.0,6.2536000000000005,7.984824312406634,19.265,82.0,0.0,82.0,0.0015242165242165,0.0007326149369131,0.0018518518518518,3.03,6.02,0.0,0.0,2026-10-03 15:04:50.472583+00:00,eth0,connected,5 GHz,802.11ac,149,NORMAL
0.001,0.001,0.002,8.283,0.0,0.26,0,0,0,0,0,0,526.5,54.0,82.0,-61.0,0.0018518518518518,0.002,2.6871347683667684e-07,0.002,11.8792,4.784272483878822,19.714,0.0,0.0,0.0,6.1866,8.045351440428199,19.265,82.0,0.0,82.0,0.0015242165242165,0.0007326149369131,0.0018518518518518,-4.752000000000001,-8.264,0.0,0.0,2026-10-03 15:04:55.847679+00:00,eth0,connected,5 GHz,802.11ac,149,NORMAL
0.002,0.001,0.003,9.222,0.0,0.561,0,0,0,0,0,0,144.4,144.4,82.0,-47.0,0.0013850415512465,0.0022000000000007,0.0004472136762286,0.003,9.7808,1.9504653803644036,13.035,0.0,0.0,0.0,2.4458,3.519432653141707,8.524,82.0,0.0,82.0,0.0017584897917307,0.0002087641673376,0.0018518518518518,0.939,0.301,0.0,0.001,2026-10-03 15:05:01.243481+00:00,eth0,connected,2.4 GHz,802.11n,11,NORMAL
0.001,0.001,0.002,8.067,0.0,0.258,0,0,0,0,0,0,144.4,117.0,90.0,-47.0,0.0008547008547008,0.0022000000000007,0.0004472136762286,0.003,9.7224,2.0072246511041203,13.035,0.0,0.0,0.0,2.4214,3.537710672172058,8.524,83.6,3.577708763999665,90.0,0.0015590595923005,0.0004426019251153,0.0018518518518518,-1.1549999999999994,-0.303,0.0,-0.001,2026-10-03 15:05:06.576543+00:00,eth0,connected,2.4 GHz,802.11n,11,NORMAL
0.006,0.001,0.007,8.751,0.0,0.372,0,0,0,0,0,0,144.4,130.0,90.0,-47.0,0.0041551246537396,0.0032000000000007,0.0021679483555197,0.007,9.4716,2.0411427681571075,13.035,0.0,0.0,0.0,1.995,3.65190772063042,8.524,85.2,4.38178046004133,90.0,0.0020197141526781,0.0012625766543506,0.0041551246537396,0.6839999999999993,0.1139999999999999,0.0,0.005,2026-10-03 15:05:12.121361+00:00,eth0,connected,2.4 GHz,802.11n,11,NORMAL
0.002,0.001,0.003,8.975,0.0,1.293,0,0,0,0,0,0,144.4,130.0,90.0,-47.0,0.0013850415512465,0.0034000000000007,0.0020736441527417,0.007,8.659600000000001,0.4788337916230098,9.222,0.0,0.0,0.0,0.5488,0.433938590125463,1.293,86.8,4.38178046004133,90.0,0.001926352092557,0.0012949371046565,0.0041551246537396,0.2240000000000002,0.921,0.0,-0.004,2026-10-03 15:05:17.590264+00:00,eth0,connected,2.4 GHz,802.11n,11,NORMAL
0.002,0.001,0.003,16.606,0.0,12.602,0,0,0,0,0,0,144.4,130.0,90.0,-47.0,0.0013850415512465,0.0036000000000007,0.0019493588874804,0.007,10.3242,3.53787036223772,16.606,0.0,0.0,0.0,3.0172,5.373184409640161,12.602,88.4,3.577708763999665,90.0,0.001832990032436,0.0013182690227135,0.0041551246537396,7.631000000000002,11.309,0.0,0.0,2026-10-03 15:05:23.155837+00:00,eth0,connected,2.4 GHz,802.11n,11,WARNING
0.001,0.001,0.002,8.817,0.0,0.317,0,0,0,0,0,0,144.4,130.0,90.0,-47.0,0.0007692307692307,0.0034000000000007,0.0020736441527417,0.007,10.243200000000002,3.5738672611052658,16.606,0.0,0.0,0.0,2.9684,5.402099064252718,12.602,90.0,0.0,90.0,0.0017098278760328,0.0013969980502306,0.0041551246537396,-7.7890000000000015,-12.285,0.0,-0.001,2026-10-03 15:05:28.638242+00:00,eth0,connected,2.4 GHz,802.11n,11,NORMAL
0.001,0.001,0.002,9.31,0.0,0.839,0,0,0,0,0,0,144.4,130.0,90.0,-47.0,0.0007692307692307,0.0034000000000007,0.0020736441527417,0.007,10.4918,3.424766955575233,16.606,0.0,0.0,0.0,3.0846,5.3350553230496205,12.602,90.0,0.0,90.0,0.0016927338589388,0.0014105348167453,0.0041551246537396,0.4930000000000003,0.522,0.0,0.0,2026-10-03 15:05:34.088404+00:00,eth0,connected,2.4 GHz,802.11n,11,NORMAL
0.001,0.001,0.002,9.808,0.0,1.066,0,0,0,0,0,0,144.4,130.0,90.0,-47.0,0.0007692307692307,0.0024000000000007,0.0005477226234189,0.003,10.7032,3.321515572746882,16.606,0.0,0.0,0.0,3.2234000000000003,5.25527071614775,12.602,90.0,0.0,90.0,0.001015555082037,0.0003372936139191,0.0013850415512465,0.4979999999999993,0.2270000000000001,0.0,0.0,2026-10-03 15:05:39.473925+00:00,eth0,connected,2.4 GHz,802.11n,11,NORMAL
0.002,0.001,0.003,10.426,0.0,1.006,0,0,0,0,0,0,144.4,130.0,90.0,-47.0,0.0013850415512465,0.0024000000000007,0.0005477226234189,0.003,10.9934,3.193702678710096,16.606,0.0,0.0,0.0,3.166,5.283119958887937,12.602,90.0,0.0,90.0,0.001015555082037,0.0003372936139191,0.0013850415512465,0.6180000000000003,-0.06,0.0,0.001,2026-10-03 15:05:44.884612+00:00,eth0,connected,2.4 GHz,802.11n,11,NORMAL
0.001,0.001,0.002,17.046,0.0,13.022,0,0,0,0,0,0,144.4,130.0,90.0,-47.0,0.0007692307692307,0.0022000000000007,0.0004472136762286,0.003,11.0814,3.3872154935876218,17.046,0.0,0.0,0.0,3.25,5.470666915468359,13.022,90.0,0.0,90.0,0.0008923929256339,0.0002753991468148,0.0013850415512465,6.619999999999999,12.016,0.0,-0.001,2026-10-03 15:05:50.302211+00:00,eth0,connected,2.4 GHz,802.11n,11,WARNING
0.001,0.001,0.002,9.112,0.0,0.085,0,0,0,0,0,0,144.4,130.0,90.0,-47.0,0.0007692307692307,0.0022000000000007,0.0004472136762286,0.003,11.1404,3.3401549065874225,17.046,0.0,0.0,0.0,3.2036,5.502652932904281,13.022,90.0,0.0,90.0,0.0008923929256339,0.0002753991468148,0.0013850415512465,-7.933999999999999,-12.937,0.0,0.0,2026-10-03 15:05:55.735319+00:00,eth0,connected,2.4 GHz,802.11n,11,NORMAL
0.001,0.001,0.002,8.903,0.0,0.379,0,0,0,0,0,0,144.4,130.0,90.0,-47.0,0.0007692307692307,0.0022000000000007,0.0004472136762286,0.003,11.059,3.400331013298564,17.046,0.0,0.0,0.0,3.1116,5.55566083378027,13.022,90.0,0.0,90.0,0.0008923929256339,0.0002753991468148,0.0013850415512465,-0.2089999999999996,0.294,0.0,0.0,2026-10-03 15:06:01.131544+00:00,eth0,connected,2.4 GHz,802.11n,11,NORMAL
0.001,0.001,0.002,9.178,0.0,0.362,0,0,0,0,0,0,144.4,130.0,90.0,-47.0,0.0007692307692307,0.0022000000000007,0.0004472136762286,0.003,10.933000000000002,3.469250063053978,17.046,0.0,0.0,0.0,2.9708,5.628902353034745,13.022,90.0,0.0,90.0,0.0008923929256339,0.0002753991468148,0.0013850415512465,0.2750000000000003,-0.017,0.0,0.0,2026-10-03 15:06:06.451270+00:00,eth0,connected,2.4 GHz,802.11n,11,NORMAL
0.001,0.001,0.002,9.773,0.0,2.236,0,0,0,0,0,0,144.4,144.4,89.0,-47.0,0.0006925207756232,0.002,2.687134766396657e-07,0.002,10.8024,3.5052123045544668,17.046,0.0,0.0,0.0,3.2168,5.5478617232227485,13.022,89.8,0.4472135954999571,90.0,0.0007538887705092,3.430730011737967e-05,0.0007692307692307,0.5949999999999989,1.874,0.0,0.0,2026-10-03 15:06:11.954873+00:00,eth0,connected,2.4 GHz,802.11n,11,NORMAL
0.001,0.001,0.002,9.929,0.0,0.856,0,0,0,0,0,0,144.4,144.4,89.0,-47.0,0.0006925207756232,0.002,2.687134766396657e-07,0.002,9.379,0.4460947208834233,9.929,0.0,0.0,0.0,0.7836000000000001,0.8579331559043974,2.236,89.6,0.5477225575051643,90.0,0.0007385467717877,4.2017057885158365e-05,0.0007692307692307,0.1560000000000005,-1.3800000000000003,0.0,0.0,2026-10-03 15:06:17.326383+00:00,eth0,connected,2.4 GHz,802.11n,11,NORMAL
0.001,0.001,0.002,34.606,0.0,33.933,0,0,0,0,0,0,130.0,144.4,89.0,-47.0,0.0007692307692307,0.002,2.687134766396657e-07,0.002,14.477800000000002,11.259856069239962,34.606,0.0,0.0,0.0,7.553199999999999,14.766528491829083,33.933,89.4,0.5477225575051643,90.0,0.0007385467717877,4.2017057885158365e-05,0.0007692307692307,24.677,33.077,0.0,0.0,2026-10-03 15:06:22.691385+00:00,eth0,connected,2.4 GHz,802.11n,11,CONGESTED
0.001,0.001,0.002,9.655,0.0,0.799,0,0,0,0,0,0,144.4,144.4,89.0,-47.0,0.0006925207756232,0.002,2.687134766396657e-07,0.002,14.6282,11.171451772263085,34.606,0.0,0.0,0.0,7.6372,14.71662535026288,33.933,89.2,0.4472135954999571,90.0,0.0007232047730662,4.201705788580704e-05,0.0007692307692307,-24.951,-33.134,0.0,0.0,2026-10-03 15:06:28.143949+00:00,eth0,connected,2.4 GHz,802.11n,11,NORMAL
0.001,0.001,0.002,9.042,0.0,0.237,0,0,0,0,0,0,144.4,144.4,89.0,-47.0,0.0006925207756232,0.002,2.687134766396657e-07,0.002,14.601000000000004,11.188192324946868,34.606,0.0,0.0,0.0,7.6122,14.73217182563386,33.933,89.0,0.0,89.0,0.0007078627743447,3.430730011976304e-05,0.0007692307692307,-0.6129999999999995,-0.562,0.0,0.0,2026-10-03 15:06:33.599406+00:00,eth0,connected,2.4 GHz,802.11n,11,NORMAL
0.001,0.001,0.002,8.748,0.0,0.449,0,0,0,0,0,0,144.4,144.4,89.0,-47.0,0.0006925207756232,0.002,2.687134766396657e-07,0.002,14.396,11.307525038663414,34.606,0.0,0.0,0.0,7.2548,14.915736495393048,33.933,89.0,0.0,89.0,0.0007078627743447,3.430730011976304e-05,0.0007692307692307,-0.2940000000000005,0.212,0.0,0.0,2026-10-03 15:06:39.000581+00:00,eth0,connected,2.4 GHz,802.11n,11,NORMAL
0.001,0.001,0.002,8.973,0.0,0.337,0,0,0,0,0,0,144.4,144.4,89.0,-47.0,0.0006925207756232,0.002,2.687134766396657e-07,0.002,14.2048,11.409563343967202,34.606,0.0,0.0,0.0,7.151000000000001,14.973094402961603,33.933,89.0,0.0,89.0,0.0007078627743447,3.430730011976304e-05,0.0007692307692307,0.2250000000000014,-0.1119999999999999,0.0,0.0,2026-10-03 15:06:44.399843+00:00,eth0,connected,2.4 GHz,802.11n,11,NORMAL
0.001,0.001,0.002,13.201,0.0,6.96,0,0,0,0,0,0,144.4,144.4,89.0,-47.0,0.0006925207756232,0.002,2.687134766396657e-07,0.002,9.9238,1.862551395264052,13.201,0.0,0.0,0.0,1.7564,2.916617698636573,6.96,89.0,0.0,89.0,0.0006925207756232,3.25910585051182e-07,0.0006925207756232,4.228,6.623,0.0,0.0,2026-10-03 15:06:49.772927+00:00,eth0,connected,2.4 GHz,802.11n,11,NORMAL
0.001,0.001,0.002,8.567,0.0,0.229,0,0,0,0,0,0,144.4,144.4,89.0,-47.0,0.0006925207756232,0.002,2.687134766396657e-07,0.002,9.7062,1.9626700435885984,13.201,0.0,0.0,0.0,1.6424,2.9739700401988087,6.96,89.0,0.0,89.0,0.0006925207756232,3.25910585051182e-07,0.0006925207756232,-4.634,-6.731,0.0,0.0,2026-10-03 15:06:55.255504+00:00,eth0,connected,2.4 GHz,802.11n,11,NORMAL
0.001,0.001,0.002,8.699,0.0,0.263,0,0,0,0,0,0,144.4,144.4,89.0,-47.0,0.0006925207756232,0.002,2.687134766396657e-07,0.002,9.6376,1.9973767296131368,13.201,0.0,0.0,0.0,1.6476,2.9709195209564503,6.96,89.0,0.0,89.0,0.0006925207756232,3.25910585051182e-07,0.0006925207756232,0.1319999999999996,0.034,0.0,0.0,2026-10-03 15:07:00.777839+00:00,eth0,connected,2.4 GHz,802.11n,11,NORMAL
0.001,0.001,0.002,8.447,0.0,0.289,0,0,0,0,0,0,144.4,144.4,89.0,-47.0,0.0006925207756232,0.002,2.687134766396657e-07,0.002,9.5774,2.035072185451924,13.201,0.0,0.0,0.0,1.6156,2.987870612995165,6.96,89.0,0.0,89.0,0.0006925207756232,3.25910585051182e-07,0.0006925207756232,-0.2520000000000006,0.0259999999999999,0.0,0.0,2026-10-03 15:07:06.145183+00:00,eth0,connected,2.4 GHz,802.11n,11,NORMAL
0.001,0.001,0.002,9.743,0.0,1.679,0,0,0,0,0,0,144.4,144.4,89.0,-47.0,0.0006925207756232,0.002,2.687134766396657e-07,0.002,9.7314,2.006839505291858,13.201,0.0,0.0,0.0,1.884,2.9033813046171018,6.96,89.0,0.0,89.0,0.0006925207756232,3.25910585051182e-07,0.0006925207756232,1.2960000000000012,1.39,0.0,0.0,2026-10-03 15:07:11.565991+00:00,eth0,connected,2.4 GHz,802.11n,11,NORMAL
0.001,0.001,0.002,622.384,0.0,711.048,0,0,0,0,0,0,144.4,144.4,89.0,-47.0,0.0006925207756232,0.002,2.687134766396657e-07,0.002,131.568,274.3749689220939,622.384,0.0,0.0,0.0,142.7016,317.7158908770539,711.048,89.0,0.0,89.0,0.0006925207756232,3.25910585051182e-07,0.0006925207756232,612.641,709.369,0.0,0.0,2026-10-03 15:07:16.969861+00:00,eth0,connected,2.4 GHz,802.11n,11,CONGESTED
0.001,0.001,0.002,9.36,0.0,1.203,0,0,0,0,0,0,144.4,144.4,89.0,-47.0,0.0006925207756232,0.002,2.687134766396657e-07,0.002,131.72660000000002,274.2863092542171,622.384,0.0,0.0,0.0,142.8964,317.6069786619935,711.048,89.0,0.0,89.0,0.0006925207756232,3.25910585051182e-07,0.0006925207756232,-613.024,-709.845,0.0,0.0,2026-10-03 15:07:22.521168+00:00,eth0,connected,2.4 GHz,802.11n,11,NORMAL
0.001,0.001,0.002,8.5,0.0,0.266,0,0,0,0,0,0,144.4,144.4,89.0,-47.0,0.0006925207756232,0.002,2.687134766396657e-07,0.002,131.6868,274.30863750655027,622.384,0.0,0.0,0.0,142.89700000000002,317.6066418488442,711.048,89.0,0.0,89.0,0.0006925207756232,3.25910585051182e-07,0.0006925207756232,-0.8599999999999994,-0.937,0.0,0.0,2026-10-03 15:07:27.932693+00:00,eth0,connected,2.4 GHz,802.11n,11,NORMAL
0.001,0.001,0.002,8.736,0.0,0.429,0,0,0,0,0,0,144.4,144.4,89.0,-47.0,0.0006925207756232,0.002,2.687134766396657e-07,0.002,131.74460000000002,274.2762059745613,622.384,0.0,0.0,0.0,142.925,317.5909323430064,711.048,89.0,0.0,89.0,0.0006925207756232,3.25910585051182e-07,0.0006925207756232,0.2360000000000006,0.1629999999999999,0.0,0.0,2026-10-03 15:07:33.326794+00:00,eth0,connected,2.4 GHz,802.11n,11,NORMAL
0.001,0.001,0.002,18.521,0.0,16.535,0,0,0,0,0,0,144.4,144.4,89.0,-47.0,0.0006925207756232,0.002,2.687134766396657e-07,0.002,133.5002,273.32651316365195,622.384,0.0,0.0,0.0,145.8962,316.00469168305085,711.048,89.0,0.0,89.0,0.0006925207756232,3.25910585051182e-07,0.0006925207756232,9.785,16.106,0.0,0.0,2026-10-03 15:07:38.727997+00:00,eth0,connected,2.4 GHz,802.11n,11,WARNING
0.001,0.001,0.002,8.29,0.0,0.347,0,0,0,0,0,0,144.4,144.4,89.0,-47.0,0.0006925207756232,0.002,2.687134766396657e-07,0.002,10.6814,4.400775704350438,18.521,0.0,0.0,0.0,3.756,7.153512423981301,16.535,89.0,0.0,89.0,0.0006925207756232,3.25910585051182e-07,0.0006925207756232,-10.231000000000002,-16.188,0.0,0.0,2026-10-03 15:07:44.170700+00:00,eth0,connected,2.4 GHz,802.11n,11,NORMAL
0.001,0.001,0.002,8.8,0.0,0.198,0,0,0,0,0,0,144.4,144.4,89.0,-47.0,0.0006925207756232,0.002,2.687134766396657e-07,0.002,10.5694,4.449667268459643,18.521,0.0,0.0,0.0,3.5550000000000006,7.256557551625624,16.535,89.0,0.0,89.0,0.0006925207756232,3.25910585051182e-07,0.0006925207756232,0.5100000000000016,-0.1489999999999999,0.0,0.0,2026-10-03 15:07:49.603375+00:00,eth0,connected,2.4 GHz,802.11n,11,NORMAL
0.001,0.001,0.002,8.622,0.0,0.196,0,0,0,0,0,0,144.4,144.4,89.0,-47.0,0.0006925207756232,0.002,2.687134766396657e-07,0.002,10.5938,4.435795554351113,18.521,0.0,0.0,0.0,3.5409999999999995,7.264552463851773,16.535,89.0,0.0,89.0,0.0006925207756232,3.25910585051182e-07,0.0006925207756232,-0.1780000000000008,-0.002,0.0,0.0,2026-10-03 15:07:55.202337+00:00,eth0,connected,2.4 GHz,802.11n,11,NORMAL
0.001,0.001,0.002,16.72,0.0,13.793,0,0,0,0,0,0,144.4,144.4,89.0,-48.0,0.0006925207756232,0.002,2.687134766396657e-07,0.002,12.1906,5.000879502647604,18.521,0.0,0.0,0.0,6.2138,8.227918187491552,16.535,89.0,0.0,89.0,0.0006925207756232,3.25910585051182e-07,0.0006925207756232,8.097999999999999,13.597,0.0,0.0,2026-10-03 15:08:00.648418+00:00,eth0,connected,2.4 GHz,802.11n,11,WARNING
0.001,0.001,0.002,9.069,0.0,0.766,0,0,0,0,0,0,144.4,144.4,89.0,-47.0,0.0006925207756232,0.002,2.687134766396657e-07,0.002,10.3002,3.599914748990748,16.72,0.0,0.0,0.0,3.06,6.004449058827545,13.793,89.0,0.0,89.0,0.0006925207756232,3.25910585051182e-07,0.0006925207756232,-7.650999999999998,-13.027,0.0,0.0,2026-10-03 15:08:06.144557+00:00,eth0,connected,2.4 GHz,802.11n,11,NORMAL
0.001,0.001,0.002,8.531,0.0,0.125,0,0,0,0,0,0,144.4,144.4,89.0,-47.0,0.0006925207756232,0.002,2.687134766396657e-07,0.002,10.3484,3.567740643600809,16.72,0.0,0.0,0.0,3.0156,6.03029089680216,13.793,89.0,0.0,89.0,0.0006925207756232,3.25910585051182e-07,0.0006925207756232,-0.5380000000000003,-0.641,0.0,0.0,2026-10-03 15:08:11.546505+00:00,eth0,connected,2.4 GHz,802.11n,11,NORMAL
0.001,0.001,0.002,9.219,0.0,0.334,0,0,0,0,0,0,144.4,144.4,89.0,-47.0,0.0006925207756232,0.002,2.687134766396657e-07,0.002,10.4322,3.5269669264115744,16.72,0.0,0.0,0.0,3.0428,6.014691238962728,13.793,89.0,0.0,89.0,0.0006925207756232,3.25910585051182e-07,0.0006925207756232,0.6879999999999988,0.209,0.0,0.0,2026-10-03 15:08:16.948558+00:00,eth0,connected,2.4 GHz,802.11n,11,NORMAL
0.001,0.001,0.002,8.621,0.0,0.439,0,0,0,0,0,0,144.4,144.4,89.0,-47.0,0.0006925207756232,0.002,2.687134766396657e-07,0.002,10.432,3.527095263811442,16.72,0.0,0.0,0.0,3.0914,5.986855126028605,13.793,89.0,0.0,89.0,0.0006925207756232,3.25910585051182e-07,0.0006925207756232,-0.597999999999999,0.1049999999999999,0.0,0.0,2026-10-03 15:08:22.449538+00:00,eth0,connected,2.4 GHz,802.11n,11,NORMAL
0.001,0.001,0.002,9.187,0.0,0.335,0,0,0,0,0,0,144.4,144.4,89.0,-47.0,0.0006925207756232,0.002,2.687134766396657e-07,0.002,8.9254,0.3253717873468112,9.219,0.0,0.0,0.0,0.3998,0.2343516589563476,0.766,89.0,0.0,89.0,0.0006925207756232,3.25910585051182e-07,0.0006925207756232,0.565999999999999,-0.1039999999999999,0.0,0.0,2026-10-03 15:08:27.807921+00:00,eth0,connected,2.4 GHz,802.11n,11,NORMAL
0.001,0.001,0.002,9.047,0.0,0.517,0,0,0,0,0,0,144.4,144.4,89.0,-47.0,0.0006925207756232,0.002,2.687134766396657e-07,0.002,8.921,0.3230851281028871,9.219,0.0,0.0,0.0,0.35,0.1474075983645471,0.517,89.0,0.0,89.0,0.0006925207756232,3.25910585051182e-07,0.0006925207756232,-0.1399999999999988,0.182,0.0,0.0,2026-10-03 15:08:33.209362+00:00,eth0,connected,2.4 GHz,802.11n,11,NORMAL
0.001,0.001,0.002,11.427,0.0,4.135,0,0,0,0,0,0,144.4,144.4,89.0,-47.0,0.0006925207756232,0.002,2.687134766396657e-07,0.002,9.5002,1.103189557601595,11.427,0.0,0.0,0.0,1.152,1.669318423805183,4.135,89.0,0.0,89.0,0.0006925207756232,3.25910585051182e-07,0.0006925207756232,2.379999999999999,3.618,0.0,0.0,2026-10-03 15:08:38.552016+00:00,eth0,connected,2.4 GHz,802.11n,11,NORMAL
0.001,0.001,0.002,9.945,0.0,1.266,0,0,0,0,0,0,144.4,144.4,89.0,-47.0,0.0006925207756232,0.002,2.687134766396657e-07,0.002,9.6454,1.10470213179897,11.427,0.0,0.0,0.0,1.3384,1.6059765876423535,4.135,89.0,0.0,89.0,0.0006925207756232,3.25910585051182e-07,0.0006925207756232,-1.481999999999999,-2.869,0.0,0.0,2026-10-03 15:08:43.947203+00:00,eth0,connected,2.4 GHz,802.11n,11,NORMAL
0.001,0.001,0.002,8.652,0.0,0.853,0,0,0,0,0,0,144.4,144.4,89.0,-47.0,0.0006925207756232,0.002,2.687134766396657e-07,0.002,9.651599999999998,1.097579518759889,11.427,0.0,0.0,0.0,1.4212,1.557967971447218,4.135,89.0,0.0,89.0,0.0006925207756232,3.25910585051182e-07,0.0006925207756232,-1.293000000000001,-0.413,0.0,0.0,2026-10-03 15:08:49.382182+00:00,eth0,connected,2.4 GHz,802.11n,11,NORMAL
0.001,0.001,0.002,12.964,0.0,2.122,0,0,0,0,0,0,104.0,144.4,89.0,-47.0,0.0009615384615384,0.002,2.687134766396657e-07,0.002,10.407,1.7833758717671144,12.964,0.0,0.0,0.0,1.7786000000000002,1.4475559747572035,4.135,89.0,0.0,89.0,0.0007463243128063,0.000120308808009,0.0009615384615384,4.312000000000001,1.269,0.0,0.0,2026-10-03 15:08:54.756259+00:00,eth0,connected,2.4 GHz,802.11n,11,NORMAL
0.001,0.001,0.002,9.176,0.0,0.502,0,0,0,0,0,0,117.0,144.4,89.0,-47.0,0.0008547008547008,0.002,2.687134766396657e-07,0.002,10.4328,1.7595561087959408,12.964,0.0,0.0,0.0,1.7756,1.450836069325297,4.135,89.0,0.0,89.0,0.0007787603286218,0.0001239828775954,0.0009615384615384,-3.788,-1.62,0.0,0.0,2026-10-03 15:09:00.162687+00:00,eth0,connected,2.4 GHz,802.11n,11,NORMAL
0.001,0.001,0.002,9.206,0.0,0.595,0,0,0,0,0,0,144.4,144.4,89.0,-47.0,0.0006925207756232,0.002,2.687134766396657e-07,0.002,9.9886,1.7258466907582368,12.964,0.0,0.0,0.0,1.0676,0.6596266368601554,2.122,89.0,0.0,89.0,0.0007787603286218,0.0001239828775954,0.0009615384615384,0.0299999999999993,0.0929999999999999,0.0,0.0,2026-10-03 15:09:05.590239+00:00,eth0,connected,2.4 GHz,802.11n,11,NORMAL
0.0,0.0,0.0,9.342,0.0,0.317,0,0,0,0,0,0,144.4,144.4,89.0,-47.0,0.0,0.0016000000000007,0.0008944272313659,0.002,9.868,1.7505467717262422,12.964,0.0,0.0,0.0,0.8777999999999999,0.7218633527583199,2.122,89.0,0.0,89.0,0.0006402561734971,0.000375699480885,0.0009615384615384,0.136000000000001,-0.2779999999999999,0.0,-0.002,2026-10-03 15:09:14.902913+00:00,eth0,connected,2.4 GHz,802.11n,11,NORMAL
0.0,0.001,0.001,10.068,0.0,0.776,0,0,0,0,0,0,144.4,144.4,89.0,-47.0,0.0006925207756232,0.0014000000000007,0.0008944272313664,0.002,10.1512,1.6138454696782898,12.964,0.0,0.0,0.0,0.8623999999999998,0.7233445237613167,2.122,89.0,0.0,89.0,0.0006402561734971,0.000375699480885,0.0009615384615384,0.7259999999999991,0.459,0.0,0.001,2026-10-03 15:09:24.368191+00:00,eth0,connected,2.4 GHz,802.11n,11,NORMAL
0.001,0.001,0.002,8.803,0.0,0.481,0,0,0,0,0,0,144.4,144.4,89.0,-47.0,0.0006925207756232,0.0014000000000007,0.0008944272313664,0.002,9.319,0.4639515060878914,10.068,0.0,0.0,0.0,0.5342,0.1682310912273974,0.776,89.0,0.0,89.0,0.0005864526363141,0.0003352743565758,0.0008547008547008,-1.2649999999999988,-0.295,0.0,0.001,2026-10-03 15:09:33.780994+00:00,eth0,connected,2.4 GHz,802.11n,11,NORMAL
0.0,0.001,0.001,8.683,0.0,0.482,0,0,0,0,0,0,144.4,144.4,89.0,-47.0,0.0006925207756232,0.0012000000000007,0.0008366600696883,0.002,9.2204,0.5469097731813104,10.068,0.0,0.0,0.0,0.5302,0.1694216634777318,0.776,89.0,0.0,89.0,0.0005540166204986,0.0003097048775078,0.0006925207756232,-0.120000000000001,0.001,0.0,-0.001,2026-10-03 15:09:43.211212+00:00,eth0,connected,2.4 GHz,802.11n,11,NORMAL
0.0,0.001,0.001,9.527,0.0,1.193,0,0,0,0,0,0,144.4,144.4,89.0,-47.0,0.0006925207756232,0.0010000000000007,0.000707106832248,0.002,9.2846,0.5633891195268382,10.068,0.0,0.0,0.0,0.6498,0.345831895659632,1.193,89.0,0.0,89.0,0.0005540166204986,0.0003097048775078,0.0006925207756232,0.8439999999999994,0.7110000000000001,0.0,0.0,2026-10-03 15:09:52.744057+00:00,eth0,connected,2.4 GHz,802.11n,11,NORMAL
